InvoiceNo,InvoiceDate,CustomerID,Quantity,UnitPrice
202951,2022-03-25,10103,7,46.0
201238,2022-02-12,10436,2,38.75
209165,2022-06-03,10349,8,56.28
204727,2022-11-23,10271,9,51.92
203965,2022-04-04,10107,7,19.9
205686,2022-10-25,10072,4,19.24
209242,2022-05-13,10189,9,23.32
203701,2022-03-06,10021,4,53.95
202780,2022-10-17,10103,4,15.06
207398,2022-09-14,10122,9,40.34
201588,2022-08-01,10467,8,39.7
202368,2022-05-28,10215,4,59.22
205789,2022-03-02,10331,8,36.24
200436,2022-05-29,10459,8,16.92
202828,2022-03-29,10088,7,20.5
201556,2022-11-20,10373,10,18.34
207570,2022-10-05,10100,6,25.31
207480,2022-03-23,10360,8,30.22
209496,2022-05-09,10152,7,18.49
200182,2022-10-13,10131,5,69.08
207190,2022-12-19,10150,4,17.07
206687,2022-10-07,10309,2,64.91
205565,2022-09-27,10258,8,59.89
207241,2022-10-19,10344,9,51.89
207651,2022-07-22,10492,4,23.41
205575,2022-01-24,10414,4,39.3
201589,2022-12-17,10294,5,17.48
209779,2022-11-07,10386,2,52.22
208851,2022-07-27,10192,7,31.91
200159,2022-10-07,10444,5,26.99
206555,2022-07-24,10277,6,17.96
209203,2022-06-01,10161,4,9.6
208244,2022-01-26,10460,8,19.7
206846,2022-07-13,10314,8,57.77
202307,2022-12-02,10022,5,27.07
201228,2022-08-26,10253,6,30.43
207226,2022-11-17,10236,3,45.96
205590,2022-03-16,10345,1,81.68
206919,2022-06-12,10049,9,64.23
205585,2022-10-26,10475,9,20.37
209227,2022-01-29,10059,3,12.54
206046,2022-06-14,10170,4,107.75
204945,2022-12-03,10476,7,102.98
207927,2022-07-05,10188,2,36.39
207016,2022-02-23,10464,3,17.54
207758,2022-10-22,10271,6,53.6
205086,2022-02-11,10190,8,31.37
209456,2022-10-12,10446,1,31.3
207161,2022-05-18,10175,4,51.79
201884,2022-07-06,10446,1,39.14
201809,2022-07-23,10051,2,18.3
203167,2022-02-11,10364,8,28.15
206352,2022-12-16,10055,6,46.09
209009,2022-10-15,10244,9,42.74
206056,2022-01-26,10320,2,37.75
202437,2022-02-25,10131,3,52.81
206468,2022-09-10,10485,9,27.64
209080,2022-05-02,10307,9,36.21
205951,2022-04-16,10135,6,6.12
205276,2022-05-10,10021,3,26.45
208859,2022-12-03,10329,5,48.52
207818,2022-06-07,10167,2,27.24
204728,2022-08-19,10274,7,26.23
202624,2022-11-04,10388,10,19.67
205738,2022-04-01,10089,8,54.69
204232,2022-01-22,10316,6,43.56
205793,2022-10-17,10014,8,50.03
204523,2022-04-20,10242,2,13.97
205571,2022-02-18,10265,3,30.56
209010,2022-05-09,10346,7,28.79
209298,2022-03-14,10053,10,28.78
202224,2022-12-06,10386,1,24.34
208389,2022-02-22,10340,7,27.85
206091,2022-12-22,10092,6,50.64
208662,2022-06-17,10367,8,12.73
206361,2022-02-14,10444,7,80.53
201948,2022-04-15,10455,4,42.18
207094,2022-05-30,10428,3,32.42
206318,2022-05-26,10264,3,52.11
203796,2022-07-23,10431,4,16.02
200234,2022-12-28,10035,9,23.75
209120,2022-10-26,10206,9,31.17
203607,2022-06-16,10081,2,65.55
208043,2022-07-20,10420,5,32.35
200522,2022-05-14,10050,1,41.47
205904,2022-07-30,10360,4,24.66
204888,2022-02-17,10388,2,42.24
209821,2022-05-06,10002,8,76.6
205832,2022-08-27,10390,4,54.48
207122,2022-01-07,10054,5,31.79
205842,2022-09-29,10106,4,46.42
201316,2022-02-06,10260,5,44.2
201124,2022-07-30,10310,5,42.66
205621,2022-06-14,10477,5,57.74
205423,2022-05-05,10191,3,57.53
202587,2022-12-03,10402,7,31.08
209215,2022-07-11,10218,3,45.65
205672,2022-08-06,10044,2,27.34
201378,2022-08-02,10162,3,20.87
203374,2022-03-03,10202,3,28.94
201519,2022-11-24,10446,8,31.88
205777,2022-06-10,10484,4,14.43
207935,2022-03-07,10270,3,50.92
206093,2022-10-13,10351,10,8.3
208418,2022-08-27,10304,5,128.69
205355,2022-01-20,10271,4,70.17
204968,2022-07-07,10456,9,29.06
209083,2022-03-23,10462,8,33.27
205574,2022-12-29,10215,7,38.53
204072,2022-07-21,10252,8,24.67
202257,2022-05-12,10190,5,36.46
208588,2022-02-06,10296,4,30.81
204424,2022-05-12,10213,7,31.59
203237,2022-03-18,10208,1,36.26
203893,2022-03-30,10237,6,17.17
202005,2022-09-10,10338,8,33.78
202016,2022-12-10,10367,7,35.94
209388,2022-07-13,10053,2,35.32
201772,2022-06-25,10280,7,29.73
208353,2022-02-02,10410,6,58.49
203976,2022-02-27,10217,5,27.75
201751,2022-07-20,10252,4,37.1
208967,2022-01-28,10188,1,63.35
207430,2022-02-04,10380,2,31.83
207170,2022-05-05,10493,7,36.86
206469,2022-11-17,10041,10,31.56
209131,2022-02-11,10157,3,61.48
203220,2022-03-26,10015,5,29.11
200539,2022-07-07,10301,8,62.91
201461,2022-04-21,10065,8,31.44
205184,2022-09-28,10345,6,21.55
208547,2022-11-21,10327,5,46.51
200234,2022-04-15,10009,2,28.44
201548,2022-11-16,10344,9,45.16
207480,2022-02-10,10129,1,8.46
204213,2022-08-03,10492,2,33.2
201673,2022-03-12,10136,1,26.32
206708,2022-02-25,10472,4,19.46
207982,2022-08-24,10063,4,25.11
202100,2022-10-08,10139,5,24.86
203748,2022-04-15,10499,5,32.33
203173,2022-06-11,10081,8,16.72
201815,2022-07-10,10392,3,38.79
203841,2022-01-09,10163,6,65.57
208016,2022-03-01,10419,3,38.11
207011,2022-11-01,10289,2,49.62
204493,2022-08-13,10379,8,57.24
200674,2022-11-03,10261,1,61.45
208088,2022-07-07,10490,9,84.36
208578,2022-03-11,10231,7,25.8
202158,2022-10-20,10041,10,23.12
202661,2022-10-14,10028,4,49.0
202064,2022-06-18,10135,3,47.19
203253,2022-03-03,10201,6,48.81
204979,2022-12-15,10328,9,85.17
207703,2022-01-14,10268,9,33.3
208931,2022-06-13,10418,4,40.98
201401,2022-09-02,10033,10,20.28
203259,2022-12-01,10048,5,96.32
203923,2022-01-08,10407,9,27.99
204214,2022-06-03,10062,2,28.39
203227,2022-02-05,10216,2,27.84
202745,2022-02-17,10293,5,23.99
206091,2022-03-26,10099,1,23.0
203866,2022-01-28,10172,8,25.49
205818,2022-07-15,10360,5,16.73
202222,2022-07-27,10214,10,22.36
202792,2022-07-23,10475,2,87.75
209889,2022-11-03,10035,9,47.84
204063,2022-04-14,10449,2,52.61
201524,2022-08-18,10227,7,59.66
208224,2022-04-11,10101,8,82.85
206198,2022-01-29,10431,6,13.66
204025,2022-05-07,10462,7,17.9
202566,2022-12-04,10131,1,22.16
202803,2022-01-10,10257,4,26.18
203709,2022-04-16,10005,7,28.49
206155,2022-06-16,10218,1,26.48
200719,2022-09-14,10255,1,36.95
206516,2022-10-22,10398,6,33.71
204579,2022-10-04,10359,4,23.07
200972,2022-03-06,10283,3,11.16
203718,2022-09-28,10393,5,20.16
207395,2022-07-07,10207,9,25.16
204402,2022-11-13,10015,10,29.27
204552,2022-05-18,10346,10,18.82
202207,2022-12-09,10042,10,25.91
204426,2022-04-15,10380,3,18.81
206919,2022-02-03,10461,5,31.1
208835,2022-04-20,10179,10,19.36
208386,2022-02-02,10063,5,21.66
208680,2022-12-20,10352,9,17.21
202204,2022-08-19,10231,10,30.67
205345,2022-11-13,10241,4,21.47
203276,2022-09-23,10052,1,52.11
201102,2022-07-01,10096,10,40.57
205243,2022-12-06,10388,5,31.98
206614,2022-03-06,10222,1,22.23
209433,2022-11-29,10485,6,40.06
208707,2022-01-01,10407,10,46.78
205223,2022-05-13,10231,10,35.56
208584,2022-03-21,10237,7,73.84
200630,2022-09-28,10143,1,41.67
209171,2022-08-29,10171,10,52.29
206683,2022-01-28,10029,4,35.4
200277,2022-08-11,10036,9,46.42
200232,2022-01-23,10013,1,22.23
209744,2022-04-19,10160,9,26.33
205690,2022-04-17,10327,8,39.44
207659,2022-05-25,10187,5,39.29
200025,2022-12-20,10243,6,42.68
207468,2022-05-19,10086,7,57.41
206410,2022-10-11,10284,4,16.24
208652,2022-10-25,10066,6,20.34
203764,2022-04-09,10170,7,37.14
206599,2022-11-13,10045,6,23.05
205102,2022-05-03,10062,6,179.27
207006,2022-11-16,10441,2,42.86
203483,2022-10-14,10134,5,31.84
201994,2022-03-22,10284,3,25.59
208682,2022-01-10,10028,7,26.05
201072,2022-01-08,10108,4,33.62
206707,2022-07-24,10044,1,35.02
200215,2022-11-11,10340,6,26.35
207605,2022-07-16,10286,6,28.89
209915,2022-07-17,10446,7,64.85
209784,2022-01-30,10331,8,66.17
202606,2022-01-20,10128,3,37.56
208350,2022-02-17,10348,6,16.93
204781,2022-05-10,10473,10,43.35
203313,2022-10-20,10231,2,72.03
209968,2022-05-12,10190,9,65.69
207763,2022-12-22,10225,2,47.81
205939,2022-02-23,10385,3,67.44
202295,2022-10-08,10377,10,34.01
205685,2022-09-22,10283,2,45.33
201696,2022-08-03,10446,9,23.56
201946,2022-10-17,10121,1,38.33
202783,2022-02-12,10116,5,64.38
203644,2022-03-15,10461,1,24.66
205241,2022-12-16,10233,5,21.53
206420,2022-10-05,10259,8,34.77
207557,2022-11-22,10359,8,29.57
202645,2022-08-30,10198,8,45.81
206589,2022-05-10,10456,2,26.4
206353,2022-12-16,10411,8,78.2
201932,2022-07-13,10137,5,17.38
201757,2022-02-01,10318,1,61.98
205085,2022-04-16,10165,7,22.59
205637,2022-07-23,10225,6,13.49
201116,2022-01-01,10307,5,37.3
200492,2022-09-02,10234,1,29.16
208811,2022-03-13,10172,1,19.01
207888,2022-11-02,10152,6,14.29
206474,2022-01-15,10463,10,32.98
209738,2022-02-22,10315,7,53.94
204958,2022-01-08,10374,10,44.37
209797,2022-11-26,10160,10,34.07
209467,2022-02-15,10096,1,42.07
202743,2022-11-21,10472,9,32.67
207866,2022-04-24,10233,4,16.2
207160,2022-05-27,10180,5,16.27
205451,2022-06-15,10113,2,29.92
205258,2022-05-19,10318,10,30.56
208548,2022-04-27,10497,8,50.68
207186,2022-10-26,10442,2,48.36
206102,2022-10-03,10052,3,44.82
209061,2022-10-04,10268,9,28.79
209077,2022-12-04,10295,2,16.6
209475,2022-11-09,10386,6,40.69
200619,2022-06-27,10387,4,43.06
200882,2022-11-26,10113,7,10.03
208988,2022-12-20,10101,6,21.82
203642,2022-06-03,10113,10,23.44
201296,2022-07-20,10440,9,35.13
208436,2022-04-25,10081,9,22.16
202895,2022-06-08,10187,10,32.49
206593,2022-02-11,10113,4,29.81
200929,2022-09-04,10002,1,30.58
205366,2022-03-09,10130,2,23.15
208711,2022-11-22,10220,8,24.06
203212,2022-11-30,10054,10,19.3
202409,2022-07-15,10343,8,40.05
208199,2022-03-31,10485,2,44.06
203423,2022-04-21,10224,4,22.53
206976,2022-12-25,10225,1,70.83
207594,2022-05-25,10385,7,28.3
205158,2022-10-02,10403,4,71.17
203667,2022-06-28,10126,8,24.02
205973,2022-08-29,10130,9,12.02
206236,2022-11-22,10053,9,40.49
208277,2022-11-15,10172,3,37.5
202468,2022-11-27,10218,5,33.69
206217,2022-06-02,10160,6,24.02
203619,2022-04-14,10198,6,32.55
201636,2022-03-16,10416,10,25.65
208155,2022-05-08,10247,8,28.47
203583,2022-07-18,10324,6,50.44
204009,2022-06-03,10439,6,36.31
203326,2022-02-25,10203,4,44.92
208148,2022-10-05,10184,7,29.49
202217,2022-12-11,10123,8,27.91
204967,2022-01-19,10401,3,18.6
202369,2022-06-08,10255,7,27.52
203638,2022-01-26,10294,3,6.29
209135,2022-06-18,10280,8,24.65
205722,2022-01-23,10325,1,31.79
204444,2022-02-16,10372,1,43.9
207618,2022-01-13,10098,6,28.95
203947,2022-08-05,10198,10,39.4
201676,2022-11-18,10470,9,11.14
201196,2022-07-13,10395,4,32.19
202787,2022-05-24,10240,6,14.3
207432,2022-03-14,10144,5,18.1
209653,2022-06-05,10097,1,30.16
207927,2022-03-18,10201,6,62.69
203318,2022-06-18,10124,9,39.87
208858,2022-10-14,10187,3,33.42
206689,2022-03-26,10326,3,32.79
202176,2022-07-01,10464,2,23.18
203743,2022-11-11,10349,4,25.23
208792,2022-10-24,10259,10,41.0
204422,2022-04-22,10148,3,16.57
203824,2022-08-18,10252,2,44.55
209171,2022-04-06,10443,1,27.27
202451,2022-06-17,10420,3,50.04
200628,2022-06-05,10403,10,53.55
209821,2022-04-15,10346,6,14.35
207778,2022-07-12,10451,9,24.76
203696,2022-11-26,10147,5,21.59
203674,2022-05-12,10148,3,13.38
203929,2022-12-21,10352,5,19.76
202765,2022-05-18,10199,5,112.24
204369,2022-11-27,10308,5,44.91
208307,2022-09-27,10489,7,86.37
204956,2022-02-07,10417,5,50.13
200692,2022-02-14,10424,7,22.85
203162,2022-06-12,10128,9,27.36
201105,2022-11-27,10039,5,44.44
203008,2022-09-10,10338,2,41.21
202161,2022-06-18,10360,5,24.81
208345,2022-10-12,10129,8,15.56
203699,2022-10-01,10267,4,171.38
203786,2022-01-20,10476,2,30.86
209256,2022-08-27,10441,10,28.14
204200,2022-09-27,10473,3,35.05
201913,2022-11-06,10434,9,29.33
209408,2022-01-31,10151,9,35.21
205520,2022-11-10,10415,8,63.02
201772,2022-04-14,10478,8,31.12
202780,2022-06-19,10298,8,18.52
207423,2022-07-05,10099,8,30.54
202871,2022-05-08,10263,8,26.25
200660,2022-07-29,10252,1,67.49
206242,2022-10-08,10144,6,59.48
201132,2022-09-10,10346,9,34.94
200699,2022-01-19,10112,8,17.47
207470,2022-07-19,10500,3,17.94
206297,2022-08-08,10060,1,33.37
207812,2022-05-16,10369,2,39.18
204557,2022-08-11,10002,2,27.46
202179,2022-01-03,10385,7,26.05
209065,2022-08-24,10304,6,24.62
208275,2022-12-08,10254,2,32.73
201422,2022-08-16,10140,8,10.06
203180,2022-05-22,10453,9,19.09
204316,2022-01-09,10037,7,24.2
206696,2022-07-09,10160,4,60.57
209583,2022-12-16,10009,1,22.05
200614,2022-06-14,10233,4,36.24
204570,2022-05-19,10099,4,37.09
200270,2022-10-03,10147,8,63.37
202468,2022-10-18,10304,4,62.26
209582,2022-02-22,10208,4,32.18
203607,2022-06-24,10131,2,26.11
203075,2022-04-20,10404,10,23.76
200289,2022-07-22,10152,7,29.36
208120,2022-05-16,10054,4,26.66
206614,2022-01-04,10120,6,43.68
203252,2022-06-04,10161,3,40.86
207415,2022-06-21,10408,7,44.52
206771,2022-12-24,10116,6,62.16
200278,2022-02-16,10075,3,84.05
200580,2022-04-04,10113,4,35.25
204958,2022-02-17,10456,10,57.38
208445,2022-08-28,10420,5,27.78
204276,2022-12-13,10422,9,59.89
207997,2022-08-01,10104,6,56.3
204776,2022-12-06,10340,4,54.83
200824,2022-11-20,10254,7,34.71
203832,2022-05-19,10227,2,23.71
208891,2022-07-24,10112,4,16.49
205445,2022-03-14,10473,5,32.46
201380,2022-01-04,10099,4,71.27
209865,2022-03-17,10153,4,28.36
206534,2022-11-25,10349,9,49.04
203156,2022-03-18,10402,2,50.5
204307,2022-10-31,10384,6,28.74
205634,2022-09-13,10366,8,63.95
208575,2022-04-12,10338,8,7.73
205810,2022-04-16,10194,7,17.97
208533,2022-11-29,10310,10,20.95
205934,2022-02-08,10163,4,21.98
203109,2022-11-10,10208,7,39.18
204082,2022-10-02,10445,10,38.28
203240,2022-03-29,10169,6,40.33
206028,2022-07-30,10484,6,44.61
201849,2022-03-18,10161,2,20.59
208497,2022-03-18,10068,8,18.01
202749,2022-01-28,10289,8,40.37
206680,2022-09-02,10398,7,24.16
209327,2022-03-07,10277,9,15.1
200205,2022-09-23,10304,8,53.82
207352,2022-07-24,10404,9,66.52
204591,2022-02-27,10384,9,72.14
203450,2022-07-20,10392,6,36.36
207214,2022-08-13,10135,2,45.28
203811,2022-05-22,10195,7,65.69
205141,2022-03-25,10401,3,24.03
208501,2022-05-23,10128,7,57.7
202708,2022-12-18,10033,9,38.0
201991,2022-02-02,10176,10,52.29
208463,2022-06-01,10460,10,36.34
203273,2022-06-07,10443,2,63.32
204538,2022-05-21,10371,6,37.03
208712,2022-09-08,10470,6,15.77
209168,2022-10-30,10375,9,68.44
203722,2022-04-22,10022,9,20.62
203551,2022-05-24,10238,5,61.96
202832,2022-07-28,10158,5,31.65
205679,2022-08-12,10038,9,59.62
206579,2022-02-12,10230,8,58.4
200152,2022-09-21,10365,7,41.06
205754,2022-09-01,10051,8,42.7
202800,2022-01-03,10438,6,40.91
205310,2022-05-05,10264,3,12.1
209944,2022-09-25,10283,7,35.13
202610,2022-03-25,10027,8,18.95
201104,2022-01-16,10226,8,36.07
207361,2022-11-30,10277,1,18.7
204199,2022-02-28,10286,7,18.31
203854,2022-06-26,10097,3,73.88
207263,2022-03-04,10284,2,56.53
201914,2022-02-18,10367,2,33.05
207365,2022-11-03,10448,8,36.32
203072,2022-09-03,10481,9,29.25
209198,2022-10-16,10453,3,44.03
200406,2022-10-13,10317,3,23.62
200166,2022-11-28,10304,6,54.43
200508,2022-01-15,10147,10,29.18
201661,2022-12-04,10004,1,26.84
203664,2022-09-12,10035,6,33.48
203489,2022-04-02,10192,3,24.64
200680,2022-10-06,10049,4,39.03
202524,2022-07-25,10017,9,25.31
202120,2022-04-04,10172,3,41.86
205260,2022-08-13,10220,1,60.83
204357,2022-10-28,10158,3,23.11
201363,2022-11-14,10477,7,31.02
209523,2022-07-18,10046,7,41.71
202292,2022-09-28,10373,5,26.63
201538,2022-08-22,10006,1,41.77
203408,2022-02-15,10099,8,43.72
207742,2022-03-05,10380,10,56.92
208752,2022-08-18,10233,8,24.46
209291,2022-09-06,10037,10,20.67
201903,2022-09-03,10280,10,28.39
200174,2022-03-16,10349,10,20.41
202230,2022-06-06,10497,2,43.91
204287,2022-08-11,10302,10,18.53
204160,2022-07-09,10181,3,106.33
207106,2022-02-21,10095,4,63.3
209689,2022-03-29,10099,1,33.32
203171,2022-11-09,10188,4,51.1
201567,2022-12-05,10481,5,14.61
201151,2022-03-07,10116,3,116.94
207619,2022-05-30,10191,10,24.65
206033,2022-01-20,10253,2,31.18
208560,2022-02-02,10469,6,13.09
204946,2022-11-24,10416,8,42.23
208234,2022-10-08,10471,7,19.05
201907,2022-02-15,10161,1,34.84
203490,2022-03-14,10256,4,25.23
202535,2022-12-20,10323,3,19.32
204173,2022-11-09,10128,6,22.15
201293,2022-12-09,10018,9,37.07
204769,2022-05-13,10281,9,17.45
204796,2022-02-24,10490,7,22.77
206871,2022-03-02,10223,9,46.14
202972,2022-12-11,10054,8,121.66
203922,2022-01-08,10058,5,42.05
204997,2022-09-29,10323,9,20.93
207032,2022-09-03,10360,7,27.56
200992,2022-06-25,10174,5,33.64
208112,2022-04-26,10280,8,27.81
205287,2022-11-13,10114,7,52.01
202240,2022-09-28,10288,9,36.92
201476,2022-07-12,10431,10,52.14
206426,2022-05-30,10342,1,28.3
200389,2022-05-11,10151,9,64.25
200999,2022-04-12,10450,7,30.47
201855,2022-11-06,10127,1,20.38
208125,2022-09-27,10155,1,98.36
208850,2022-10-19,10490,5,13.3
202763,2022-07-29,10386,8,22.89
203663,2022-12-27,10474,9,24.2
204986,2022-12-04,10273,6,116.07
201481,2022-03-08,10104,10,81.73
207256,2022-01-10,10417,8,69.89
203731,2022-02-18,10393,6,28.07
207262,2022-04-21,10299,6,111.4
200451,2022-11-17,10246,4,39.81
209729,2022-08-07,10176,5,53.98
203093,2022-02-26,10039,2,36.23
200882,2022-10-10,10477,3,32.31
204408,2022-04-23,10170,3,29.2
204068,2022-05-13,10247,5,29.82
203277,2022-03-12,10026,5,44.89
208566,2022-03-24,10355,6,39.79
207951,2022-02-26,10306,5,32.6
204690,2022-12-15,10409,6,70.44
204595,2022-09-28,10408,8,7.51
204559,2022-04-21,10013,2,42.73
207291,2022-12-23,10316,4,47.41
208160,2022-03-17,10391,6,58.76
200112,2022-06-07,10313,5,32.06
205131,2022-01-20,10036,1,36.74
203197,2022-05-11,10173,9,54.22
200139,2022-11-25,10020,3,69.8
201424,2022-05-02,10321,2,28.5
202949,2022-02-10,10264,9,37.84
203168,2022-06-16,10494,7,76.65
208708,2022-05-10,10400,5,11.45
206043,2022-01-23,10142,6,23.45
206989,2022-10-06,10460,4,68.92
207236,2022-09-08,10371,1,57.18
206261,2022-01-09,10471,4,43.0
200887,2022-01-13,10143,9,26.46
203104,2022-11-03,10092,1,21.31
200049,2022-11-16,10354,10,24.64
203951,2022-02-21,10322,3,71.81
203560,2022-07-28,10288,5,24.19
200018,2022-02-07,10215,7,34.84
204821,2022-04-10,10447,9,22.72
206340,2022-07-12,10342,6,50.47
208058,2022-07-10,10051,3,25.3
209665,2022-02-20,10153,7,31.54
202606,2022-05-21,10186,4,14.27
207846,2022-06-17,10063,3,14.78
208643,2022-11-07,10190,7,33.24
206432,2022-04-19,10125,7,17.07
203765,2022-07-26,10150,4,94.87
202438,2022-10-27,10314,7,11.81
209741,2022-04-20,10058,2,22.2
206358,2022-07-15,10342,1,33.39
208319,2022-06-01,10305,2,27.59
205941,2022-08-31,10180,4,19.07
207644,2022-05-08,10170,8,20.51
204855,2022-04-15,10326,3,20.18
206547,2022-01-10,10271,10,28.69
207196,2022-12-22,10054,6,87.88
205911,2022-05-28,10491,6,34.43
206481,2022-12-31,10444,9,59.83
202761,2022-12-30,10101,9,42.67
204456,2022-05-20,10481,4,57.8
209607,2022-07-09,10264,9,8.17
206361,2022-04-04,10053,6,28.44
205693,2022-08-17,10060,2,63.66
205788,2022-03-04,10492,10,24.88
200201,2022-12-06,10108,6,79.94
206160,2022-01-25,10005,2,69.54
200517,2022-09-25,10103,8,26.19
207737,2022-10-08,10196,4,25.75
209533,2022-01-11,10262,5,19.95
201988,2022-11-16,10365,8,24.17
203802,2022-07-20,10480,8,17.88
205808,2022-05-06,10372,6,41.03
207162,2022-11-02,10350,4,15.99
206241,2022-07-09,10047,1,44.78
208399,2022-03-30,10355,7,45.33
205633,2022-12-21,10311,8,14.43
205755,2022-04-26,10424,9,71.87
206309,2022-12-18,10308,2,42.81
204117,2022-06-26,10144,1,48.18
208345,2022-01-14,10269,4,22.66
201518,2022-09-14,10370,5,45.2
206163,2022-07-28,10124,10,58.16
202600,2022-10-08,10106,1,31.52
202195,2022-11-24,10158,5,90.1
203554,2022-11-21,10147,6,33.85
202849,2022-04-15,10145,3,58.58
201742,2022-05-27,10120,7,38.34
201306,2022-10-06,10319,6,44.38
203849,2022-01-09,10275,4,14.36
207519,2022-04-28,10092,3,39.87
204195,2022-04-04,10058,5,22.93
205178,2022-05-24,10439,3,21.69
202555,2022-10-16,10346,10,79.21
202305,2022-01-14,10229,9,29.76
207619,2022-09-14,10474,9,20.05
209280,2022-12-12,10117,6,27.67
202642,2022-07-05,10318,6,17.28
209369,2022-12-11,10279,4,67.83
206409,2022-07-26,10127,4,23.39
204757,2022-12-12,10393,2,43.15
202994,2022-06-21,10396,10,65.24
208751,2022-09-27,10129,4,25.79
201271,2022-08-09,10058,8,43.21
201813,2022-06-01,10122,10,19.79
208801,2022-04-21,10001,2,112.49
202461,2022-07-02,10239,9,52.89
204120,2022-12-05,10290,1,30.08
206124,2022-03-13,10096,2,22.5
208475,2022-10-10,10126,2,31.28
204396,2022-03-15,10118,6,27.94
209283,2022-12-21,10048,7,87.92
200816,2022-08-03,10089,3,17.94
207304,2022-11-24,10488,9,35.42
207331,2022-01-23,10237,5,32.81
200082,2022-03-09,10373,5,31.23
201920,2022-12-28,10385,4,31.36
207817,2022-04-03,10272,9,31.25
202093,2022-11-17,10189,8,51.24
207071,2022-11-20,10487,4,44.9
207967,2022-03-04,10192,4,40.83
208367,2022-08-12,10447,2,7.26
205285,2022-08-13,10069,9,38.47
204937,2022-12-12,10278,3,14.47
200369,2022-12-03,10349,4,45.75
201818,2022-04-13,10247,7,69.22
202101,2022-08-03,10451,10,20.84
203490,2022-07-11,10076,8,29.05
201779,2022-06-09,10154,8,24.54
207674,2022-07-26,10144,4,61.42
201364,2022-09-26,10435,7,34.73
207294,2022-07-13,10485,10,78.58
203676,2022-06-01,10086,1,40.73
202426,2022-08-25,10185,6,37.38
208264,2022-03-29,10285,6,34.26
208089,2022-01-11,10462,6,49.85
202962,2022-07-06,10220,2,13.89
200859,2022-08-02,10069,8,34.56
204138,2022-01-15,10047,5,31.98
202424,2022-09-23,10497,5,47.59
209256,2022-10-24,10094,2,30.15
204017,2022-03-14,10238,4,19.7
208560,2022-02-21,10446,9,33.24
208342,2022-05-08,10500,9,19.27
201134,2022-01-28,10453,6,12.65
205166,2022-03-06,10204,9,47.63
205119,2022-01-17,10400,4,44.24
205694,2022-12-17,10218,1,41.83
206136,2022-05-18,10474,2,63.53
205485,2022-11-15,10432,1,23.75
204164,2022-08-17,10341,8,16.19
202346,2022-09-11,10039,9,31.98
205039,2022-07-29,10100,10,27.83
204897,2022-10-21,10289,6,21.73
208252,2022-08-19,10254,2,31.82
205041,2022-08-29,10222,6,24.39
203901,2022-03-11,10357,9,13.22
201337,2022-04-14,10023,3,26.56
201184,2022-07-23,10250,9,18.76
204426,2022-02-22,10010,2,37.18
201551,2022-11-26,10246,5,23.85
201629,2022-02-23,10325,2,57.73
209519,2022-10-03,10100,7,73.84
201526,2022-12-01,10290,10,46.51
209865,2022-01-31,10180,9,15.25
201361,2022-05-15,10223,7,70.29
209765,2022-02-27,10394,5,72.81
204370,2022-04-15,10250,4,33.43
205283,2022-09-23,10147,4,64.17
207610,2022-01-10,10442,10,25.13
201993,2022-09-10,10096,8,13.03
200869,2022-10-22,10257,10,22.64
201014,2022-06-05,10325,10,78.62
200602,2022-06-07,10493,10,15.71
200690,2022-02-06,10004,10,33.11
208685,2022-04-29,10016,10,33.69
200489,2022-03-08,10280,1,25.62
206864,2022-08-30,10336,5,26.53
207240,2022-10-26,10247,2,34.33
207786,2022-08-01,10258,9,25.0
208024,2022-11-04,10497,7,16.26
200294,2022-04-11,10476,10,36.87
205488,2022-02-25,10384,8,56.64
204027,2022-11-28,10160,6,51.15
202912,2022-11-20,10475,9,22.09
209909,2022-08-27,10340,6,17.71
204744,2022-08-19,10152,7,28.73
201873,2022-12-28,10396,7,72.52
203258,2022-04-02,10178,9,45.73
202817,2022-10-06,10163,8,47.09
208636,2022-04-19,10380,1,51.67
203641,2022-11-13,10033,4,40.87
204458,2022-06-17,10417,7,35.17
205307,2022-10-27,10445,8,46.12
208933,2022-08-06,10179,7,25.2
202041,2022-08-10,10427,3,16.33
200679,2022-06-10,10101,4,47.54
205738,2022-01-16,10268,7,61.49
205668,2022-10-05,10323,8,18.93
209550,2022-02-26,10065,7,49.95
207697,2022-03-03,10417,6,76.74
208033,2022-12-29,10168,9,33.08
200062,2022-11-23,10330,9,22.0
207829,2022-08-30,10043,7,35.22
207352,2022-03-31,10044,8,25.15
206915,2022-03-13,10285,6,24.33
208326,2022-11-22,10397,1,41.12
203644,2022-01-30,10012,1,14.85
204970,2022-12-25,10095,6,16.09
208003,2022-10-15,10302,2,33.44
203278,2022-03-27,10386,8,32.75
207296,2022-08-22,10253,1,39.32
209014,2022-08-23,10499,2,84.57
203074,2022-11-09,10242,8,34.89
208312,2022-12-31,10035,6,44.66
207552,2022-09-22,10215,10,20.33
201637,2022-10-14,10337,2,48.62
205103,2022-11-23,10090,2,25.45
209116,2022-09-26,10264,7,34.32
200644,2022-07-05,10093,5,31.36
202032,2022-05-11,10410,5,55.51
202761,2022-10-18,10458,8,17.2
202068,2022-10-04,10090,7,10.57
200241,2022-11-16,10418,9,29.76
202668,2022-12-17,10115,4,41.86
200802,2022-06-29,10105,10,35.74
205059,2022-10-17,10391,4,61.32
200195,2022-06-12,10196,2,41.21
202187,2022-09-28,10314,3,24.98
202330,2022-04-06,10114,1,10.35
204841,2022-09-19,10493,1,29.41
203606,2022-12-31,10075,7,55.37
208468,2022-12-19,10413,5,27.22
200060,2022-10-15,10376,3,33.59
203927,2022-03-24,10420,7,40.88
206296,2022-08-13,10217,2,19.93
202591,2022-08-11,10277,3,45.22
208758,2022-04-28,10249,1,75.08
209763,2022-07-11,10164,8,30.37
206121,2022-03-20,10394,2,18.83
201200,2022-03-19,10357,7,32.03
202854,2022-05-27,10457,9,10.89
207024,2022-04-17,10408,6,39.19
209428,2022-09-28,10192,2,41.52
206972,2022-09-01,10227,2,76.54
200136,2022-03-14,10177,9,30.05
201029,2022-12-23,10099,10,40.62
202594,2022-12-20,10496,8,21.53
207206,2022-01-26,10036,9,27.71
200661,2022-07-29,10466,4,15.45
202472,2022-04-02,10497,4,30.04
200086,2022-05-05,10487,2,28.43
206219,2022-03-14,10096,10,38.46
208143,2022-05-03,10152,1,24.24
206968,2022-11-05,10151,10,34.52
202773,2022-07-03,10190,4,28.03
201700,2022-07-06,10224,10,28.06
202700,2022-07-17,10037,10,34.47
206815,2022-03-19,10268,8,33.79
201647,2022-12-14,10369,2,48.45
206038,2022-07-05,10183,8,31.18
205164,2022-12-10,10013,1,27.8
205520,2022-09-10,10279,1,30.25
203687,2022-01-13,10217,4,23.17
200596,2022-10-26,10355,7,27.66
204545,2022-03-17,10361,9,91.43
208676,2022-02-20,10286,5,20.98
208837,2022-10-02,10273,2,28.81
204757,2022-05-29,10369,7,27.28
204384,2022-08-07,10062,2,29.27
208912,2022-05-02,10084,9,28.06
204733,2022-07-30,10368,9,38.08
207081,2022-10-07,10217,3,14.08
208690,2022-01-26,10342,8,55.62
207117,2022-06-22,10397,4,45.44
204729,2022-06-05,10187,3,17.79
201673,2022-08-26,10019,1,10.65
208306,2022-03-23,10177,5,20.32
209928,2022-12-22,10100,4,29.33
207178,2022-09-30,10396,1,120.32
202294,2022-03-09,10445,10,43.45
203630,2022-02-13,10233,8,13.41
200146,2022-03-02,10403,8,23.46
203453,2022-05-03,10076,8,32.25
204507,2022-12-15,10265,3,37.59
205783,2022-07-15,10455,6,17.16
207751,2022-11-26,10284,7,30.95
205628,2022-11-19,10206,9,23.13
208328,2022-04-21,10223,5,19.07
203360,2022-09-15,10384,9,37.71
203005,2022-03-30,10052,6,48.76
203552,2022-07-17,10339,10,50.43
200018,2022-10-09,10367,10,44.13
202242,2022-07-19,10144,10,25.82
206318,2022-04-09,10373,4,47.34
205097,2022-01-27,10069,1,38.65
208640,2022-03-30,10099,1,35.41
201948,2022-05-26,10396,10,24.39
209137,2022-07-01,10025,5,25.83
205618,2022-09-14,10436,3,34.36
204236,2022-07-08,10379,5,112.16
206901,2022-08-28,10469,5,38.5
201920,2022-12-25,10484,1,24.4
204188,2022-07-15,10053,8,21.84
200238,2022-10-24,10151,5,25.9
200204,2022-06-14,10144,5,98.36
205552,2022-11-03,10057,9,27.12
204927,2022-09-28,10039,8,52.11
204390,2022-01-08,10109,1,27.44
202687,2022-02-07,10181,3,37.74
204951,2022-04-24,10042,7,49.2
206160,2022-12-05,10186,1,24.88
205388,2022-02-25,10423,1,24.03
209540,2022-12-25,10398,5,75.9
205126,2022-05-18,10223,9,54.18
200816,2022-04-12,10122,6,49.17
209012,2022-11-30,10133,10,49.09
200192,2022-06-26,10163,2,41.67
201776,2022-06-18,10215,9,90.82
203645,2022-12-05,10221,6,33.85
206314,2022-10-13,10235,5,44.2
208442,2022-09-18,10331,5,16.03
201788,2022-08-11,10146,3,21.92
207374,2022-07-18,10239,6,18.17
203700,2022-07-30,10076,4,62.62
209359,2022-10-14,10009,10,9.24
203893,2022-06-29,10074,2,27.08
206811,2022-09-07,10442,3,7.41
209288,2022-08-19,10492,9,21.85
202679,2022-01-23,10401,9,25.91
203904,2022-02-17,10253,6,66.18
207260,2022-04-19,10230,10,40.38
200504,2022-10-23,10007,10,21.83
209813,2022-01-06,10174,9,56.43
209579,2022-02-07,10141,4,33.41
206773,2022-06-18,10168,5,33.74
203816,2022-12-22,10170,10,18.15
200717,2022-10-10,10393,6,20.19
204434,2022-07-22,10434,9,21.92
200658,2022-11-21,10283,5,33.89
205057,2022-11-09,10122,8,34.43
204008,2022-09-30,10194,1,71.67
204994,2022-09-01,10005,5,40.15
204234,2022-11-23,10029,10,8.55
203764,2022-02-16,10165,1,37.76
204637,2022-09-06,10422,10,16.04
202104,2022-03-20,10339,6,20.43
209447,2022-04-20,10136,7,22.06
206801,2022-01-13,10496,5,23.77
208575,2022-12-31,10365,1,16.65
202607,2022-03-31,10321,6,36.66
208385,2022-12-08,10342,10,16.36
203719,2022-12-14,10500,5,39.58
202581,2022-10-07,10145,6,101.34
202565,2022-08-09,10327,10,17.04
202763,2022-03-14,10217,7,28.72
206328,2022-08-22,10301,7,9.38
205991,2022-09-17,10132,2,28.49
203406,2022-04-23,10292,3,45.67
208923,2022-02-15,10070,6,47.48
204780,2022-10-01,10252,3,34.42
204177,2022-02-12,10415,2,51.66
206476,2022-07-27,10275,4,118.28
202604,2022-12-15,10445,5,77.96
208181,2022-04-13,10364,10,25.5
202382,2022-05-04,10182,9,16.03
200531,2022-01-10,10167,3,27.03
206079,2022-11-25,10091,3,20.63
200634,2022-07-06,10202,6,41.5
209961,2022-01-31,10346,5,18.35
200002,2022-06-05,10019,6,31.93
208397,2022-03-01,10039,7,50.35
205951,2022-09-06,10126,3,31.49
205626,2022-09-27,10451,5,20.63
207739,2022-08-05,10173,8,59.59
206003,2022-01-02,10141,4,12.94
202890,2022-01-24,10242,10,28.11
206239,2022-07-25,10220,2,32.43
208026,2022-11-16,10126,4,33.38
203306,2022-07-18,10058,2,36.24
200897,2022-12-22,10148,3,44.94
209277,2022-04-24,10476,4,32.53
209471,2022-10-07,10456,4,27.55
200670,2022-06-04,10317,10,27.01
207291,2022-06-14,10383,9,24.39
201505,2022-08-10,10361,10,49.1
206460,2022-04-01,10423,6,23.97
205167,2022-06-16,10001,9,50.57
205255,2022-07-26,10387,4,33.43
200249,2022-10-09,10461,9,25.52
206457,2022-03-06,10348,9,45.11
201892,2022-01-04,10190,6,23.02
203439,2022-06-06,10191,5,45.56
202854,2022-09-06,10369,3,36.83
209695,2022-09-14,10409,5,24.58
203792,2022-08-23,10312,3,43.13
205330,2022-11-02,10417,5,43.52
207871,2022-03-15,10422,5,59.07
208235,2022-07-06,10117,2,53.68
203612,2022-03-03,10134,9,42.34
202618,2022-12-03,10058,7,18.84
204678,2022-06-13,10044,6,112.65
203163,2022-02-25,10173,5,16.41
209480,2022-04-21,10160,4,53.23
202942,2022-08-06,10173,8,41.08
208411,2022-08-28,10317,2,18.41
201925,2022-01-21,10303,8,31.12
202972,2022-05-21,10149,1,31.84
200990,2022-09-22,10080,10,63.61
201812,2022-05-19,10374,1,23.18
208995,2022-03-11,10213,3,29.05
200489,2022-04-28,10203,5,10.3
205876,2022-07-17,10252,6,78.84
209685,2022-07-24,10229,4,19.39
203645,2022-08-02,10164,7,39.0
207081,2022-02-25,10227,7,31.48
202891,2022-10-14,10147,2,31.53
209897,2022-10-20,10020,2,49.65
203516,2022-06-24,10441,2,76.37
203340,2022-12-13,10402,2,37.55
206410,2022-05-08,10047,9,45.95
200053,2022-11-21,10233,5,39.03
202575,2022-10-19,10305,8,55.08
200615,2022-10-15,10014,5,26.27
205944,2022-08-14,10143,5,56.7
207404,2022-03-05,10415,1,57.7
200954,2022-02-17,10001,6,56.9
201629,2022-07-21,10373,4,23.81
206859,2022-12-03,10054,3,30.44
208841,2022-03-01,10374,6,37.33
203278,2022-09-14,10259,2,16.69
205455,2022-03-06,10144,8,73.51
203801,2022-08-27,10471,1,32.91
202561,2022-10-16,10441,9,38.17
206539,2022-02-07,10459,8,24.82
200370,2022-01-25,10012,1,17.06
200857,2022-02-28,10330,10,24.48
204886,2022-12-23,10224,9,36.95
207485,2022-10-24,10272,2,46.37
200383,2022-06-07,10456,3,35.91
204334,2022-02-26,10358,2,39.38
204290,2022-02-17,10460,8,27.98
202725,2022-11-24,10408,2,42.44
206204,2022-02-25,10156,10,69.51
206111,2022-03-06,10373,2,47.11
204251,2022-09-25,10008,1,49.64
200922,2022-03-10,10122,7,38.36
202915,2022-08-04,10348,2,15.62
207957,2022-03-30,10164,10,19.64
203046,2022-10-08,10090,5,41.57
209166,2022-09-14,10136,5,32.93
201230,2022-06-09,10186,3,41.26
207647,2022-08-22,10316,3,76.57
204933,2022-05-11,10178,3,47.61
209555,2022-02-18,10028,6,62.14
203940,2022-05-27,10220,4,34.72
206483,2022-11-12,10357,3,22.12
200203,2022-01-02,10041,2,32.17
200160,2022-11-25,10228,3,22.15
208960,2022-05-25,10192,4,72.18
203748,2022-03-02,10411,6,49.17
206718,2022-09-30,10447,4,42.96
202581,2022-02-18,10145,8,61.43
201093,2022-11-28,10201,3,12.06
204500,2022-05-11,10417,3,44.44
208799,2022-02-12,10212,3,17.2
205710,2022-02-26,10461,8,33.0
209732,2022-02-19,10220,4,28.34
202875,2022-06-27,10240,1,46.1
203191,2022-10-20,10413,2,37.12
201837,2022-02-15,10397,10,64.88
200689,2022-06-19,10046,2,24.51
203759,2022-09-28,10035,3,47.21
202103,2022-12-02,10253,6,35.91
200365,2022-05-19,10390,8,14.62
208092,2022-09-04,10082,1,20.92
204172,2022-05-28,10371,9,30.72
206033,2022-08-18,10256,1,57.75
202378,2022-10-07,10197,10,41.76
201205,2022-05-05,10303,2,18.47
204988,2022-07-11,10409,3,30.87
205669,2022-03-21,10450,7,90.82
202735,2022-04-04,10010,9,35.01
209867,2022-08-14,10312,3,28.12
208490,2022-03-06,10286,8,42.35
200956,2022-03-29,10242,9,48.51
209306,2022-03-29,10251,10,26.36
206623,2022-07-20,10365,7,42.58
201474,2022-08-02,10005,4,28.09
204460,2022-07-23,10119,4,47.45
207002,2022-03-30,10289,4,36.05
206396,2022-03-02,10374,6,42.14
202828,2022-09-28,10065,4,22.66
202850,2022-04-04,10146,5,21.96
202964,2022-11-03,10224,9,53.13
204594,2022-01-27,10239,7,31.83
209141,2022-08-02,10177,8,38.19
206644,2022-03-15,10267,5,28.41
202850,2022-03-02,10341,5,51.9
200165,2022-07-05,10282,7,24.44
200919,2022-01-31,10063,8,30.94
208305,2022-08-07,10217,9,49.06
203504,2022-01-12,10342,2,59.53
200991,2022-10-29,10315,3,25.49
206047,2022-02-01,10283,2,88.22
203839,2022-06-09,10177,10,38.73
201258,2022-08-25,10461,7,19.66
207609,2022-08-15,10417,2,39.83
208706,2022-06-30,10098,2,27.34
204804,2022-11-13,10105,2,41.14
200067,2022-02-15,10099,4,32.41
209788,2022-12-07,10385,1,34.37
205660,2022-03-21,10405,2,20.99
204478,2022-05-15,10496,3,54.33
208210,2022-09-17,10311,7,18.58
203521,2022-11-04,10006,10,19.02
200572,2022-09-04,10476,1,39.79
207082,2022-06-08,10465,6,73.8
207832,2022-07-22,10197,3,27.76
205395,2022-04-22,10351,3,47.02
202258,2022-10-19,10133,4,56.64
206039,2022-11-06,10358,4,49.77
200650,2022-04-29,10259,7,28.34
205741,2022-01-17,10437,3,19.19
206838,2022-11-27,10023,8,10.98
202587,2022-08-15,10485,8,29.04
207876,2022-12-27,10053,7,59.68
203262,2022-04-27,10165,2,18.88
201338,2022-02-12,10202,5,47.0
204996,2022-04-25,10458,6,20.59
205780,2022-10-10,10083,10,34.92
202827,2022-02-06,10145,4,47.18
205232,2022-10-29,10085,10,23.81
202217,2022-04-23,10078,5,36.06
203539,2022-02-04,10457,9,26.91
207845,2022-05-12,10366,7,47.11
209229,2022-12-02,10001,2,37.25
204383,2022-12-02,10051,1,34.06
202961,2022-08-16,10173,2,72.18
203226,2022-05-27,10205,3,46.12
206837,2022-05-02,10260,2,23.45
207031,2022-03-22,10446,3,31.72
209290,2022-06-22,10449,10,31.88
209131,2022-06-03,10369,9,34.47
203716,2022-05-30,10488,4,117.01
203414,2022-02-27,10288,9,39.86
201448,2022-03-04,10034,3,11.97
200570,2022-06-05,10348,1,25.24
202904,2022-12-22,10095,5,12.6
202505,2022-11-18,10072,10,28.08
200917,2022-06-17,10039,10,12.26
206982,2022-06-15,10154,2,21.42
207427,2022-03-26,10250,4,15.48
206336,2022-05-17,10162,2,40.13
201678,2022-07-08,10438,2,33.12
200615,2022-01-02,10118,3,38.53
209941,2022-04-16,10259,5,31.43
207086,2022-12-30,10379,4,16.49
204749,2022-03-13,10306,2,42.81
203505,2022-05-06,10268,10,86.58
204529,2022-06-19,10449,2,40.63
201135,2022-07-24,10054,6,26.76
208566,2022-11-09,10236,7,16.22
207226,2022-12-03,10389,10,21.03
205162,2022-07-14,10478,6,41.53
200206,2022-06-07,10222,7,56.63
204875,2022-05-21,10251,1,37.73
201319,2022-10-02,10313,6,49.4
201141,2022-01-07,10401,3,47.17
204627,2022-02-23,10112,1,42.66
207389,2022-04-14,10255,8,23.83
202690,2022-12-08,10303,4,36.12
207323,2022-12-04,10407,10,21.67
203255,2022-03-02,10207,8,33.41
208281,2022-03-28,10229,10,39.07
205213,2022-09-15,10341,4,76.66
204108,2022-06-27,10398,4,17.2
203020,2022-08-30,10066,10,42.13
201857,2022-07-22,10075,4,69.45
208996,2022-01-31,10435,6,48.4
209136,2022-10-16,10103,9,50.22
202789,2022-03-21,10422,5,44.43
203875,2022-01-11,10192,10,63.38
207605,2022-09-11,10252,8,19.23
209802,2022-10-14,10226,8,16.56
208135,2022-06-25,10294,4,33.01
206055,2022-05-06,10306,10,11.24
203882,2022-02-16,10098,9,61.27
207175,2022-07-25,10338,9,60.97
207129,2022-04-17,10286,5,26.66
205021,2022-10-02,10335,6,27.51
204735,2022-12-03,10347,5,31.94
202387,2022-05-03,10435,3,33.99
206582,2022-05-14,10447,8,35.29
209133,2022-04-17,10482,9,43.78
205866,2022-11-01,10308,4,30.38
202566,2022-11-25,10249,9,53.07
200975,2022-02-19,10166,9,41.39
207212,2022-12-03,10481,7,24.45
209146,2022-04-05,10472,8,64.56
201262,2022-09-25,10335,3,16.79
205047,2022-01-23,10030,5,31.62
209135,2022-02-23,10247,3,53.7
207382,2022-09-11,10106,7,23.07
206231,2022-08-23,10051,6,38.66
203327,2022-02-28,10081,3,43.45
205630,2022-06-13,10133,9,21.54
202259,2022-09-16,10285,1,31.94
201257,2022-11-10,10388,10,30.62
200464,2022-08-04,10138,3,25.13
203294,2022-07-02,10184,10,104.67
206774,2022-02-26,10401,7,22.61
207431,2022-05-25,10330,3,54.73
201230,2022-03-31,10273,3,27.21
209076,2022-11-07,10340,2,19.23
203805,2022-02-14,10472,9,34.86
206419,2022-09-14,10069,4,45.81
205750,2022-01-21,10034,10,52.47
203856,2022-01-21,10262,6,72.32
203135,2022-02-21,10053,2,144.41
206953,2022-12-04,10450,9,37.53
209116,2022-06-20,10205,7,23.77
206034,2022-03-08,10126,10,41.53
204589,2022-04-23,10235,5,28.99
201546,2022-10-27,10043,7,52.61
206065,2022-06-09,10240,4,17.31
201094,2022-09-23,10459,10,108.22
202411,2022-11-16,10371,7,50.81
202617,2022-08-20,10111,2,14.27
208954,2022-11-21,10249,7,23.23
204145,2022-03-09,10151,4,49.8
202775,2022-01-28,10183,4,59.63
206628,2022-04-26,10336,1,17.53
203155,2022-02-20,10095,3,47.3
203970,2022-06-30,10459,5,12.51
207972,2022-09-17,10374,5,31.67
208775,2022-03-20,10400,2,57.74
205415,2022-09-30,10008,4,25.13
204331,2022-04-18,10388,1,15.59
201942,2022-03-15,10360,9,35.63
206026,2022-06-24,10388,1,24.47
208301,2022-07-03,10184,6,45.37
200191,2022-01-23,10281,7,21.27
209095,2022-10-01,10195,3,22.5
200861,2022-05-09,10352,1,12.06
206711,2022-10-18,10195,7,36.05
209275,2022-11-16,10155,3,30.56
200649,2022-07-05,10093,10,18.28
204134,2022-02-28,10160,6,36.48
207587,2022-01-01,10434,6,55.34
208828,2022-05-11,10061,4,29.73
201036,2022-03-08,10122,6,37.87
204131,2022-10-20,10051,10,37.96
202148,2022-10-12,10403,4,18.13
205457,2022-03-30,10277,8,92.6
206079,2022-04-10,10005,9,26.17
202430,2022-07-08,10466,2,45.97
201879,2022-12-12,10092,7,48.65
207542,2022-08-29,10170,9,30.88
202011,2022-09-27,10317,9,44.85
203373,2022-08-07,10022,5,37.45
207357,2022-06-25,10405,1,16.3
201289,2022-12-07,10326,6,28.05
201447,2022-08-21,10001,8,24.38
203199,2022-05-31,10133,1,26.29
206381,2022-10-04,10233,2,17.25
207522,2022-08-17,10012,1,58.16
206059,2022-06-20,10346,5,73.77
203183,2022-08-11,10046,2,54.0
205462,2022-08-01,10034,10,62.51
203216,2022-10-09,10433,10,27.87
203136,2022-02-10,10078,4,24.09
203318,2022-05-02,10218,1,22.44
202782,2022-08-15,10301,7,45.7
209182,2022-10-21,10411,8,37.1
207657,2022-03-29,10073,5,31.86
204920,2022-09-24,10282,2,63.28
206324,2022-01-29,10249,8,40.55
206327,2022-09-04,10047,1,21.77
208417,2022-11-12,10121,7,23.56
200776,2022-09-01,10214,1,46.57
205208,2022-03-02,10239,6,55.75
200687,2022-05-27,10056,6,43.63
200529,2022-06-23,10350,5,85.49
205067,2022-10-05,10107,2,75.0
208080,2022-11-30,10319,2,41.29
205518,2022-05-22,10048,9,21.77
202153,2022-02-13,10061,5,17.2
209486,2022-05-24,10337,5,27.28
206094,2022-12-19,10026,7,48.26
206974,2022-11-29,10292,6,82.54
209718,2022-02-24,10257,2,40.8
204774,2022-11-03,10008,1,59.4
207692,2022-12-24,10113,5,29.29
203103,2022-06-10,10355,4,45.21
202440,2022-10-12,10253,3,49.98
204135,2022-11-21,10180,2,12.31
207124,2022-07-17,10207,10,26.93
205201,2022-06-08,10303,2,53.24
200844,2022-03-21,10127,4,37.99
200446,2022-01-31,10056,2,18.21
203915,2022-04-22,10214,4,9.83
203109,2022-02-15,10014,3,27.58
201234,2022-12-19,10474,9,31.95
206587,2022-07-24,10028,7,21.29
200226,2022-02-21,10471,3,35.57
204143,2022-05-18,10078,8,42.66
207185,2022-03-15,10216,9,46.31
205558,2022-02-10,10386,7,10.2
200186,2022-03-18,10365,6,17.16
202535,2022-07-06,10154,4,28.44
201932,2022-02-21,10014,5,44.08
209040,2022-03-28,10187,8,42.29
202032,2022-04-19,10312,3,41.93
201252,2022-08-13,10371,2,27.34
205509,2022-09-05,10007,3,28.11
205074,2022-03-10,10003,7,23.01
201881,2022-04-30,10111,8,48.62
200269,2022-03-08,10407,1,20.9
201630,2022-03-02,10238,7,50.65
204405,2022-11-23,10363,9,36.74
206139,2022-07-10,10239,3,32.38
201574,2022-07-08,10493,3,23.85
201695,2022-05-31,10274,8,16.81
203258,2022-10-13,10294,4,23.95
203262,2022-04-06,10227,8,28.08
201445,2022-11-08,10371,5,10.13
206263,2022-11-05,10015,3,30.0
208411,2022-09-20,10192,4,52.57
200052,2022-04-07,10473,4,43.97
209949,2022-04-23,10119,8,25.84
205570,2022-05-05,10485,6,33.9
207579,2022-05-12,10028,7,25.08
201666,2022-05-01,10202,9,35.67
206901,2022-07-16,10039,6,71.53
202785,2022-10-21,10441,3,53.74
200719,2022-05-02,10273,3,42.97
208597,2022-10-09,10231,3,25.88
206855,2022-09-17,10086,10,48.18
202294,2022-02-08,10474,2,14.25
208263,2022-02-23,10126,1,29.19
209421,2022-06-10,10300,10,44.34
209759,2022-10-16,10025,1,47.95
204482,2022-07-19,10145,4,46.29
200698,2022-10-03,10013,3,38.38
207243,2022-01-16,10212,5,30.03
209018,2022-06-22,10025,9,43.34
205918,2022-09-05,10068,8,20.56
200348,2022-08-06,10394,9,21.71
205374,2022-03-28,10067,5,34.15
207869,2022-03-23,10233,8,36.11
200307,2022-03-03,10109,4,13.29
203416,2022-10-14,10146,5,41.58
204820,2022-02-11,10111,3,48.73
203558,2022-01-12,10228,5,31.86
204478,2022-11-17,10111,3,108.55
206531,2022-08-22,10470,5,23.54
204620,2022-11-25,10034,5,27.65
202985,2022-05-11,10111,6,27.18
208112,2022-04-25,10264,9,31.88
208467,2022-08-06,10424,1,28.1
202547,2022-05-17,10369,10,16.39
200336,2022-04-16,10236,6,25.2
202979,2022-06-28,10083,1,31.54
203968,2022-01-16,10042,6,61.21
200910,2022-08-30,10425,2,99.6
201996,2022-11-30,10101,8,64.57
203129,2022-08-14,10006,3,22.47
205447,2022-08-30,10180,10,23.39
206129,2022-05-21,10282,6,30.58
205850,2022-07-18,10320,6,80.82
204204,2022-04-22,10226,4,30.49
207446,2022-05-07,10443,5,17.05
208519,2022-01-21,10440,2,25.78
209991,2022-05-27,10315,10,48.35
200314,2022-03-30,10365,10,46.76
201134,2022-10-30,10454,8,29.96
204876,2022-07-22,10229,10,46.6
208102,2022-03-26,10377,7,10.63
209712,2022-06-16,10289,10,34.88
208347,2022-03-13,10437,6,50.92
205592,2022-10-25,10150,7,21.84
201724,2022-01-09,10277,1,21.8
203343,2022-10-08,10198,5,13.02
200886,2022-09-15,10070,7,73.33
200721,2022-10-02,10112,1,23.1
207678,2022-08-26,10004,2,37.36
209104,2022-01-20,10350,9,44.79
203357,2022-08-21,10331,3,70.53
200870,2022-08-09,10446,6,30.66
206751,2022-11-22,10318,7,25.29
200497,2022-01-17,10350,9,36.11
201756,2022-03-30,10095,5,62.93
201117,2022-07-15,10152,4,30.41
202828,2022-12-16,10311,2,20.54
201647,2022-03-25,10137,3,15.33
206992,2022-03-28,10247,5,17.98
206771,2022-11-03,10387,2,51.02
200142,2022-12-04,10243,4,28.21
202761,2022-06-03,10031,1,24.44
203435,2022-08-16,10040,4,23.15
206622,2022-09-21,10229,7,34.55
207069,2022-08-11,10036,3,29.38
204512,2022-05-01,10408,10,28.89
201848,2022-06-22,10223,8,65.02
202696,2022-01-04,10006,6,71.45
201717,2022-12-08,10322,6,14.81
203072,2022-05-08,10468,1,39.01
209259,2022-04-20,10220,5,22.46
202786,2022-12-21,10075,3,29.25
203791,2022-02-06,10004,10,38.65
209480,2022-03-12,10335,1,29.77
203871,2022-10-16,10134,8,37.16
201806,2022-01-31,10118,7,46.36
201504,2022-09-25,10369,7,38.37
203308,2022-01-11,10094,10,23.96
207117,2022-12-10,10486,10,24.18
205048,2022-11-24,10435,10,16.12
208263,2022-02-01,10062,4,21.61
201690,2022-02-26,10441,6,88.33
209536,2022-06-15,10194,9,22.29
203303,2022-07-07,10335,3,18.23
203113,2022-12-08,10203,9,38.86
209074,2022-01-19,10392,4,31.34
207850,2022-04-26,10026,5,30.03
206416,2022-07-03,10435,7,66.99
201504,2022-09-27,10173,6,43.58
208924,2022-02-02,10300,10,25.41
209940,2022-01-10,10133,8,26.78
203924,2022-03-21,10326,8,25.76
208615,2022-07-11,10410,8,51.28
209783,2022-11-16,10118,3,28.39
204485,2022-07-09,10324,10,13.51
208100,2022-03-09,10275,6,32.32
208684,2022-12-14,10212,7,15.36
200191,2022-05-05,10225,9,98.7
208690,2022-12-02,10020,10,20.43
204917,2022-02-28,10113,10,30.54
205831,2022-04-07,10140,4,37.68
209448,2022-10-02,10047,5,28.66
204322,2022-05-29,10001,8,28.65
206999,2022-10-05,10090,1,40.89
209008,2022-09-22,10142,6,71.03
207282,2022-01-09,10320,4,48.61
209665,2022-10-10,10038,5,69.36
209278,2022-09-30,10293,5,19.62
201874,2022-10-28,10382,2,38.81
209062,2022-01-08,10139,8,35.79
204763,2022-07-27,10356,2,39.47
208464,2022-05-05,10333,4,65.9
209221,2022-05-03,10491,5,29.65
201051,2022-02-02,10259,1,27.04
209765,2022-01-01,10161,6,43.25
207538,2022-07-23,10390,2,13.61
207411,2022-01-06,10178,5,29.42
206320,2022-10-24,10010,6,30.97
202105,2022-01-05,10261,8,20.9
200307,2022-03-21,10407,9,56.18
207737,2022-10-01,10138,6,19.47
203359,2022-06-26,10172,5,30.94
203176,2022-12-04,10386,4,38.34
201251,2022-11-17,10013,2,65.15
205366,2022-12-05,10168,2,32.94
201517,2022-05-16,10130,7,52.88
206226,2022-01-25,10084,5,47.01
205305,2022-11-21,10321,7,35.22
209570,2022-07-02,10319,1,19.21
205869,2022-06-17,10101,1,16.16
208039,2022-12-04,10329,5,34.93
204891,2022-06-27,10273,2,25.25
204992,2022-04-05,10265,8,52.44
201961,2022-02-02,10459,3,48.08
202863,2022-04-21,10399,1,30.2
206603,2022-05-26,10408,2,18.56
204567,2022-08-19,10038,10,42.75
206513,2022-09-29,10419,10,19.91
204005,2022-12-02,10094,7,22.66
209114,2022-02-07,10095,6,20.29
200183,2022-05-15,10305,8,30.9
207755,2022-11-30,10069,7,59.45
203358,2022-08-23,10318,10,33.03
206615,2022-11-15,10444,8,26.53
209590,2022-12-11,10236,3,15.44
206797,2022-06-09,10434,6,43.64
208728,2022-02-07,10334,7,22.42
207678,2022-05-30,10373,10,35.12
205698,2022-11-04,10376,1,27.74
201273,2022-01-29,10459,1,50.35
206653,2022-05-24,10137,7,30.61
201096,2022-03-17,10418,3,32.15
209497,2022-05-25,10076,3,42.22
209107,2022-08-17,10483,5,94.96
208002,2022-03-05,10035,6,51.64
204247,2022-12-13,10001,2,31.68
209220,2022-12-11,10296,3,33.17
205314,2022-09-26,10320,6,25.47
203354,2022-11-24,10406,3,20.59
200270,2022-07-03,10060,5,25.12
201186,2022-09-18,10320,9,22.51
206305,2022-09-25,10349,3,45.91
202398,2022-06-18,10328,6,19.38
206995,2022-09-16,10267,5,64.5
207299,2022-08-15,10361,5,48.23
204182,2022-02-02,10229,6,33.46
209903,2022-08-02,10270,6,33.12
202230,2022-02-19,10316,1,25.06
206511,2022-07-29,10286,9,37.9
200128,2022-01-29,10291,5,57.06
209461,2022-02-08,10213,1,23.3
203672,2022-12-13,10165,8,15.38
209793,2022-04-10,10005,7,47.07
204765,2022-06-22,10339,7,38.95
203970,2022-01-17,10379,5,18.91
207545,2022-02-25,10078,1,22.95
205552,2022-08-14,10410,9,21.55
200627,2022-02-15,10062,9,23.05
206589,2022-03-08,10132,8,28.17
202044,2022-07-16,10089,5,28.98
202341,2022-05-22,10237,3,23.92
205884,2022-11-19,10042,8,22.67
208185,2022-01-23,10089,1,29.54
200249,2022-04-04,10402,3,36.01
202925,2022-08-30,10296,7,28.27
205043,2022-08-25,10328,4,59.11
200974,2022-02-23,10295,7,42.69
209517,2022-05-18,10104,5,14.95
207192,2022-11-29,10014,6,43.03
209175,2022-09-29,10288,7,44.83
209080,2022-02-10,10179,10,26.65
202672,2022-04-08,10125,7,15.68
207279,2022-07-02,10422,7,33.25
207531,2022-05-08,10353,7,32.99
209518,2022-08-17,10023,7,18.9
208662,2022-11-13,10063,3,16.03
201987,2022-03-27,10143,3,31.7
200090,2022-09-13,10481,7,29.47
208721,2022-07-28,10153,2,26.88
204059,2022-08-03,10145,2,31.76
202773,2022-04-10,10225,3,19.08
209878,2022-02-18,10495,4,26.64
208383,2022-07-20,10450,6,43.24
207409,2022-09-15,10462,8,27.8
204440,2022-06-27,10309,10,14.35
207347,2022-09-02,10104,10,26.14
201008,2022-05-03,10104,7,19.39
203783,2022-12-08,10435,4,37.85
206646,2022-06-20,10039,2,38.84
204298,2022-11-29,10435,2,14.45
204668,2022-05-16,10198,4,48.4
204287,2022-02-28,10134,6,18.99
202052,2022-07-12,10067,3,72.21
206009,2022-09-25,10391,6,32.32
201716,2022-09-17,10179,5,17.76
200310,2022-04-05,10456,5,18.71
204538,2022-05-05,10042,2,39.41
201260,2022-02-10,10448,8,27.23
203932,2022-09-11,10500,5,31.55
200584,2022-01-07,10015,2,74.17
207616,2022-08-04,10111,7,23.34
208551,2022-03-10,10157,9,34.12
202866,2022-03-10,10289,9,67.35
205898,2022-03-22,10500,1,37.91
202011,2022-01-30,10478,7,14.83
206251,2022-03-14,10231,9,42.64
204939,2022-09-19,10411,6,18.51
204006,2022-03-30,10420,1,66.91
201625,2022-07-27,10157,2,21.95
200890,2022-08-01,10038,4,146.17
206078,2022-11-18,10441,4,68.97
207036,2022-09-23,10097,2,22.24
208923,2022-10-20,10485,8,33.45
203961,2022-07-26,10411,2,48.27
202504,2022-11-29,10439,3,49.0
208806,2022-03-18,10289,4,41.31
203806,2022-10-15,10254,9,61.93
206100,2022-02-16,10196,10,31.14
201719,2022-04-20,10086,1,27.57
206686,2022-07-19,10322,8,27.84
201587,2022-07-29,10010,5,50.87
207000,2022-06-03,10005,7,39.75
209803,2022-01-10,10123,8,38.31
200896,2022-12-19,10330,5,49.28
205558,2022-06-06,10353,8,11.88
208469,2022-09-18,10118,10,38.67
204647,2022-03-18,10294,8,36.94
209828,2022-09-14,10397,9,76.28
202432,2022-05-11,10159,2,15.42
203904,2022-03-08,10303,3,72.14
206837,2022-08-16,10228,1,34.39
201449,2022-06-12,10365,4,42.29
204500,2022-01-15,10216,5,76.55
205454,2022-08-20,10436,1,43.83
209424,2022-07-14,10184,8,40.45
204117,2022-12-15,10015,2,37.38
208869,2022-01-30,10157,1,26.0
202028,2022-12-25,10136,2,32.65
206845,2022-12-04,10261,5,23.16
203758,2022-11-27,10157,9,32.39
205904,2022-11-12,10047,9,10.3
204624,2022-10-23,10324,2,41.04
208848,2022-11-26,10332,2,31.16
200165,2022-08-08,10173,3,27.99
204591,2022-05-27,10130,7,36.96
200589,2022-09-16,10411,3,16.17
204524,2022-10-19,10095,1,86.89
202821,2022-10-26,10115,6,31.46
206509,2022-05-23,10243,3,30.79
207693,2022-08-23,10420,1,20.44
209454,2022-04-25,10292,4,33.51
200071,2022-12-31,10282,1,66.25
203580,2022-03-31,10299,1,55.59
207962,2022-07-27,10283,2,50.77
200268,2022-06-13,10069,10,43.52
209968,2022-03-25,10148,8,27.68
202462,2022-03-18,10011,2,16.04
209460,2022-06-10,10254,2,29.95
201015,2022-01-05,10330,10,29.43
209275,2022-03-19,10360,10,55.95
207984,2022-04-01,10038,8,38.66
200406,2022-03-28,10134,6,74.15
207384,2022-09-27,10200,4,60.26
206049,2022-04-14,10023,3,26.36
206169,2022-12-05,10303,1,13.5
207982,2022-06-24,10346,3,66.21
200985,2022-02-23,10302,9,65.35
204485,2022-07-30,10363,5,16.72
208901,2022-04-05,10396,6,70.43
202618,2022-08-11,10218,5,40.09
206289,2022-01-09,10141,1,35.89
209603,2022-02-22,10104,10,74.25
206928,2022-03-18,10446,1,64.87
205368,2022-07-25,10210,4,45.86
204621,2022-11-12,10473,3,41.96
209677,2022-10-29,10481,8,45.07
207566,2022-11-06,10111,7,27.11
204670,2022-11-26,10104,7,32.22
207658,2022-04-22,10316,8,21.09
201003,2022-12-17,10171,10,28.04
207504,2022-06-14,10460,7,27.57
202466,2022-10-06,10492,10,24.1
201939,2022-01-27,10356,2,35.46
201635,2022-03-11,10496,4,28.16
209890,2022-08-06,10324,6,42.57
208095,2022-12-31,10133,3,14.71
206265,2022-07-08,10376,3,31.29
201895,2022-11-29,10293,6,35.37
206524,2022-11-02,10328,1,28.35
201073,2022-05-04,10127,1,30.38
205184,2022-01-19,10106,5,14.99
202402,2022-09-14,10497,1,39.58
204895,2022-10-23,10092,10,45.78
207331,2022-01-22,10287,8,42.38
209343,2022-02-09,10378,2,55.67
201956,2022-02-07,10393,6,36.63
207023,2022-02-17,10051,10,42.07
203907,2022-07-02,10029,10,35.8
200807,2022-03-16,10462,5,46.7
208378,2022-07-28,10296,10,15.05
204827,2022-07-02,10297,4,21.18
204524,2022-04-17,10214,1,73.22
209499,2022-07-07,10267,3,9.68
202284,2022-09-21,10407,4,30.87
205313,2022-03-27,10257,2,59.51
200757,2022-11-20,10302,2,31.61
204887,2022-11-27,10101,2,27.04
203854,2022-05-17,10405,1,35.33
203558,2022-12-12,10346,10,27.76
209772,2022-12-02,10110,2,33.63
200961,2022-04-05,10420,6,23.53
203847,2022-11-22,10182,3,57.65
206726,2022-09-02,10471,10,67.47
203575,2022-03-31,10313,5,30.98
209067,2022-02-28,10001,1,16.56
202418,2022-01-28,10319,8,25.48
204198,2022-03-13,10438,4,30.2
201001,2022-09-27,10055,9,42.64
205244,2022-01-24,10371,4,20.01
207119,2022-04-22,10424,2,22.54
204066,2022-10-27,10399,3,42.75
202845,2022-02-25,10149,5,52.96
209673,2022-08-11,10431,10,24.27
208849,2022-04-30,10457,6,17.0
205316,2022-06-28,10309,7,171.07
200422,2022-10-15,10137,4,48.99
206715,2022-10-08,10202,7,28.98
204266,2022-07-08,10436,10,51.14
207549,2022-03-07,10313,3,31.12
206316,2022-10-25,10117,7,51.09
202710,2022-09-06,10154,4,35.86
208644,2022-03-17,10425,8,34.66
208069,2022-05-17,10291,9,31.29
201657,2022-06-13,10063,7,16.06
202541,2022-08-21,10244,8,87.27
206763,2022-09-12,10025,8,20.68
203075,2022-10-21,10090,2,16.78
203164,2022-06-19,10075,9,29.77
202053,2022-11-13,10294,6,20.48
208479,2022-06-23,10386,4,32.27
205737,2022-12-11,10391,5,46.71
203217,2022-01-18,10210,10,54.47
201447,2022-03-11,10475,5,49.77
206009,2022-12-04,10418,7,28.42
200607,2022-04-26,10347,9,33.95
204552,2022-03-21,10017,7,40.61
201764,2022-01-15,10128,9,13.75
209417,2022-06-25,10427,4,44.05
209427,2022-09-26,10443,10,15.98
209221,2022-04-29,10364,10,91.85
202671,2022-10-26,10251,4,27.05
206519,2022-07-07,10179,6,30.19
203962,2022-02-26,10182,8,22.54
203177,2022-07-18,10152,9,24.17
203722,2022-01-17,10025,1,103.24
204906,2022-10-15,10455,1,52.99
207263,2022-02-24,10180,8,15.26
205054,2022-09-26,10198,7,70.25
209667,2022-10-30,10344,9,60.14
200808,2022-03-28,10161,3,28.77
209170,2022-11-14,10177,10,38.6
200725,2022-01-29,10285,5,32.87
207701,2022-01-22,10063,3,88.79
201216,2022-11-17,10491,5,22.24
204051,2022-10-12,10150,10,35.62
202197,2022-02-17,10154,1,26.73
202806,2022-01-05,10156,4,16.18
208970,2022-09-07,10370,6,99.07
200972,2022-06-12,10469,2,18.34
205634,2022-07-21,10049,7,36.97
207483,2022-04-11,10455,8,13.87
202123,2022-03-12,10337,1,27.13
208790,2022-06-12,10084,4,40.89
200224,2022-06-22,10361,4,21.93
209032,2022-05-21,10177,5,44.41
201814,2022-05-18,10148,4,28.95
201106,2022-03-07,10118,9,59.15
200124,2022-07-17,10342,7,65.42
203246,2022-11-24,10476,2,24.7
202931,2022-08-16,10063,1,34.41
202971,2022-10-08,10189,9,36.3
202017,2022-06-21,10360,1,45.14
207415,2022-11-12,10049,6,33.35
202415,2022-02-09,10327,2,36.42
203096,2022-01-07,10257,4,29.32
201609,2022-06-23,10224,6,35.08
200717,2022-05-31,10141,5,63.37
203561,2022-07-30,10478,6,45.74
209208,2022-10-29,10215,3,47.02
206782,2022-03-27,10435,5,47.54
201048,2022-09-10,10379,2,30.66
209549,2022-01-21,10440,7,38.84
208307,2022-09-14,10211,3,19.25
207905,2022-02-02,10318,1,62.45
209993,2022-09-17,10032,8,8.24
205578,2022-08-22,10158,8,31.7
201620,2022-01-03,10285,3,58.58
206548,2022-12-13,10305,7,16.74
207381,2022-11-04,10429,9,40.44
204780,2022-08-15,10477,8,23.56
203792,2022-10-11,10286,3,27.54
202941,2022-03-11,10144,2,53.14
205695,2022-11-09,10424,10,36.56
206401,2022-12-30,10019,7,11.98
209169,2022-09-11,10018,7,20.32
206197,2022-05-24,10257,9,53.93
205450,2022-01-24,10078,5,41.45
208975,2022-08-22,10371,4,79.37
208432,2022-11-29,10175,8,76.81
205874,2022-06-24,10498,4,27.91
201553,2022-11-28,10194,4,115.77
201012,2022-11-21,10476,2,33.52
208378,2022-12-23,10113,1,20.46
201881,2022-06-08,10114,4,24.12
206799,2022-12-14,10222,7,10.71
204586,2022-12-14,10166,9,73.96
208622,2022-10-13,10435,9,73.51
208430,2022-01-18,10319,10,19.93
206447,2022-02-13,10132,1,29.55
202345,2022-06-04,10385,5,34.74
200075,2022-12-21,10264,7,20.49
209548,2022-08-19,10413,7,13.77
205877,2022-11-12,10055,10,29.81
206785,2022-08-13,10359,6,28.2
204922,2022-08-05,10131,10,27.27
208090,2022-02-25,10288,4,37.02
202330,2022-01-31,10266,3,67.68
204686,2022-12-23,10458,9,28.46
201902,2022-02-28,10467,10,36.06
204670,2022-12-19,10366,4,47.63
207143,2022-08-23,10162,8,43.69
202059,2022-04-17,10380,1,24.36
200140,2022-07-10,10481,7,34.75
201789,2022-01-18,10087,6,43.54
200016,2022-08-14,10055,1,18.84
200464,2022-06-16,10476,4,62.29
204471,2022-03-12,10288,5,67.75
201827,2022-12-28,10178,8,23.07
208711,2022-02-23,10391,4,36.48
205956,2022-09-02,10349,3,45.66
200089,2022-12-16,10008,2,25.21
204815,2022-03-17,10321,4,42.13
202851,2022-02-04,10313,10,35.93
202843,2022-09-24,10247,4,15.9
209117,2022-11-13,10323,10,41.66
206543,2022-10-27,10472,5,19.1
205901,2022-05-01,10471,7,52.96
200969,2022-11-20,10443,9,23.67
201094,2022-01-25,10255,2,30.55
206124,2022-06-09,10328,5,65.77
207347,2022-03-25,10054,10,42.44
203195,2022-04-24,10249,9,19.3
201404,2022-08-11,10239,3,19.94
206940,2022-06-15,10229,1,24.54
204290,2022-07-10,10067,2,40.34
203982,2022-06-24,10051,6,39.61
205555,2022-01-01,10097,5,21.72
207954,2022-08-17,10092,1,18.47
204713,2022-03-27,10495,1,38.12
203092,2022-03-03,10264,4,30.24
204159,2022-11-16,10418,4,97.38
206308,2022-07-25,10291,6,33.73
207478,2022-04-15,10096,6,82.03
208476,2022-11-14,10088,10,18.45
204933,2022-10-18,10078,6,15.08
204926,2022-09-07,10288,1,18.92
209379,2022-01-13,10120,10,60.01
203969,2022-06-12,10302,9,79.68
202965,2022-02-12,10491,7,22.4
204319,2022-04-21,10400,7,26.3
208975,2022-07-24,10452,7,18.46
207108,2022-09-13,10500,2,13.39
209141,2022-11-03,10165,2,47.43
203939,2022-05-24,10182,6,37.02
200044,2022-05-26,10469,7,33.29
201810,2022-10-28,10398,3,16.44
204566,2022-06-13,10223,4,75.19
209021,2022-06-18,10311,3,25.75
201909,2022-10-25,10432,7,43.24
206364,2022-08-21,10466,7,16.0
202581,2022-09-28,10007,4,30.11
200691,2022-03-01,10330,7,38.31
200931,2022-10-23,10263,5,39.0
207910,2022-08-23,10161,1,35.78
206382,2022-06-14,10151,10,42.4
203406,2022-07-13,10085,4,18.82
208339,2022-08-22,10147,7,36.55
201032,2022-07-02,10112,2,35.05
201311,2022-11-29,10381,2,37.18
208579,2022-08-20,10403,1,34.34
203121,2022-12-27,10036,2,17.52
201873,2022-04-17,10285,10,17.13
209107,2022-08-11,10188,8,10.94
206781,2022-03-21,10082,8,49.84
203748,2022-08-22,10002,8,50.09
200277,2022-07-03,10385,1,50.49
201859,2022-07-04,10303,1,38.61
205929,2022-05-14,10197,10,11.4
206792,2022-08-08,10404,4,19.82
204713,2022-10-15,10011,6,36.06
204675,2022-12-30,10234,8,35.44
201170,2022-07-21,10386,2,29.63
208681,2022-05-26,10195,3,39.82
209374,2022-11-20,10471,6,33.31
205308,2022-05-07,10119,10,35.18
202462,2022-05-15,10396,4,24.06
209822,2022-04-24,10020,2,54.11
200287,2022-09-21,10261,7,26.7
205953,2022-03-05,10293,4,17.02
204282,2022-05-15,10422,8,22.52
201907,2022-02-10,10256,8,27.82
201161,2022-10-23,10222,7,54.43
200129,2022-01-03,10393,10,32.42
206337,2022-07-13,10226,9,30.17
202363,2022-04-20,10053,4,17.74
208151,2022-08-09,10428,7,49.05
205983,2022-01-04,10355,10,23.9
200143,2022-09-01,10500,10,31.5
208207,2022-06-15,10342,1,69.41
207469,2022-01-26,10364,4,42.71
200244,2022-01-17,10280,2,14.67
200926,2022-08-04,10081,9,13.67
203178,2022-04-02,10202,5,32.07
202176,2022-01-31,10158,3,18.06
205002,2022-07-24,10120,4,45.8
200886,2022-07-26,10059,6,33.82
208532,2022-04-17,10494,10,35.97
203398,2022-05-26,10215,1,23.26
208497,2022-04-11,10128,7,79.1
209099,2022-11-14,10224,8,137.18
202654,2022-08-29,10209,7,28.81
207392,2022-09-04,10370,7,39.51
201371,2022-06-12,10115,9,34.77
207135,2022-06-22,10209,4,29.08
200320,2022-02-04,10014,7,21.84
204654,2022-10-11,10009,9,19.25
205300,2022-12-25,10040,5,18.77
206761,2022-12-24,10450,2,40.55
206854,2022-01-21,10237,5,25.54
205505,2022-11-04,10281,4,9.12
209323,2022-06-12,10359,8,41.36
206553,2022-04-07,10201,5,32.49
204042,2022-11-03,10246,9,64.93
209009,2022-12-05,10278,9,39.91
207498,2022-02-24,10235,3,15.81
206636,2022-11-29,10494,10,10.86
207362,2022-05-07,10004,6,23.11
200011,2022-07-12,10154,6,24.23
200194,2022-08-31,10442,4,53.07
202537,2022-12-15,10029,10,32.97
202842,2022-03-29,10109,3,58.37
202229,2022-12-02,10098,1,17.07
203009,2022-08-03,10215,7,53.66
207984,2022-04-02,10293,5,47.49
202077,2022-10-30,10075,10,12.07
207845,2022-08-23,10326,7,64.16
203867,2022-07-03,10146,1,34.7
204873,2022-02-07,10128,8,40.29
208635,2022-05-19,10341,3,21.49
200297,2022-07-14,10042,7,62.65
205856,2022-01-15,10356,3,18.3
209036,2022-09-14,10041,3,50.2
201015,2022-05-15,10422,10,49.91
201384,2022-01-01,10034,9,20.35
209589,2022-02-18,10017,2,89.27
208745,2022-04-06,10165,4,37.18
202350,2022-07-20,10153,6,45.92
201269,2022-01-26,10486,3,15.43
201260,2022-12-09,10378,10,95.48
207701,2022-08-23,10076,10,17.95
208376,2022-12-15,10087,7,55.28
204563,2022-09-01,10117,7,20.14
206897,2022-12-24,10362,5,24.3
205672,2022-11-23,10342,3,49.13
205593,2022-12-17,10469,2,55.36
206155,2022-02-20,10027,4,17.54
205543,2022-03-22,10313,4,57.12
207240,2022-02-05,10287,8,55.84
204683,2022-03-08,10134,8,20.72
201881,2022-05-09,10219,5,73.65
208713,2022-06-04,10168,6,15.98
203809,2022-09-02,10098,8,24.23
205807,2022-04-21,10268,1,42.08
204883,2022-06-17,10237,5,21.61
207206,2022-05-22,10309,4,37.78
204155,2022-12-22,10455,4,37.36
204673,2022-07-16,10394,2,30.16
201409,2022-04-19,10173,10,50.21
209886,2022-03-20,10401,1,29.54
205197,2022-06-10,10410,6,37.18
207452,2022-01-19,10469,7,58.75
208718,2022-05-07,10476,5,49.17
202172,2022-07-24,10190,8,49.06
200279,2022-01-29,10122,9,18.64
203977,2022-07-26,10046,2,43.05
202669,2022-10-07,10064,4,21.34
207825,2022-05-31,10130,9,17.45
209943,2022-08-28,10310,5,31.95
203981,2022-09-23,10363,3,21.07
204769,2022-07-01,10193,6,49.17
205247,2022-04-15,10307,3,49.76
204427,2022-08-24,10181,5,12.79
206135,2022-06-22,10292,3,21.89
205573,2022-06-07,10371,6,15.96
204131,2022-06-21,10282,10,26.28
209900,2022-11-07,10029,5,41.58
207189,2022-06-06,10149,9,29.34
204535,2022-09-15,10267,3,24.66
202776,2022-06-13,10296,6,63.44
209311,2022-05-27,10011,8,10.46
207697,2022-06-03,10164,7,61.46
208386,2022-02-07,10113,6,25.23
200662,2022-05-11,10187,2,31.85
208671,2022-12-24,10295,7,25.44
208044,2022-09-12,10232,8,71.62
204218,2022-07-27,10227,1,17.89
209615,2022-04-05,10310,9,33.31
205060,2022-12-14,10098,4,43.11
205874,2022-11-23,10055,8,14.8
205581,2022-06-20,10111,10,20.91
202014,2022-09-07,10152,7,30.75
203789,2022-07-09,10246,10,21.26
209103,2022-07-18,10406,7,22.03
207148,2022-08-09,10069,2,27.8
207766,2022-01-24,10312,1,45.82
202364,2022-09-01,10289,4,27.9
203629,2022-11-20,10250,2,56.78
205919,2022-05-08,10036,8,20.11
205675,2022-04-03,10239,10,17.71
208872,2022-10-27,10148,7,86.76
206638,2022-05-13,10467,8,23.83
204651,2022-02-24,10227,6,17.19
200609,2022-06-07,10244,1,13.86
207940,2022-01-29,10491,9,56.69
203866,2022-07-30,10337,6,27.92
200371,2022-06-03,10446,10,29.17
206998,2022-10-20,10365,1,30.58
200615,2022-08-10,10491,1,54.95
206911,2022-04-25,10482,8,30.27
206010,2022-06-07,10201,6,106.91
202253,2022-09-16,10154,8,35.41
204942,2022-09-08,10450,8,56.31
200864,2022-05-02,10073,8,49.53
201268,2022-10-26,10201,10,32.52
207454,2022-09-20,10296,7,24.69
208976,2022-02-18,10017,7,39.09
204571,2022-11-25,10129,10,42.74
205229,2022-10-24,10217,4,24.87
202237,2022-12-28,10061,9,35.99
204054,2022-03-18,10427,2,61.44
200935,2022-05-07,10104,9,93.22
206394,2022-07-16,10042,10,50.76
207891,2022-08-09,10025,3,84.05
200325,2022-04-01,10039,2,24.17
209726,2022-01-08,10291,4,47.04
207774,2022-02-01,10131,5,64.67
203861,2022-11-16,10498,2,21.15
201985,2022-09-26,10229,1,25.98
204932,2022-07-10,10108,10,78.96
204603,2022-12-15,10172,5,20.34
202778,2022-06-12,10435,9,16.94
209462,2022-03-02,10478,5,71.09
208832,2022-09-21,10102,10,60.24
207754,2022-10-12,10354,9,41.1
204078,2022-04-05,10012,10,32.37
201367,2022-02-10,10275,6,26.6
204042,2022-05-29,10101,3,38.13
202575,2022-07-23,10044,4,72.96
206754,2022-09-24,10443,4,37.31
201581,2022-01-02,10305,1,97.85
201986,2022-06-27,10445,3,21.14
202240,2022-07-13,10017,3,32.79
203966,2022-12-02,10330,1,27.48
207604,2022-07-15,10057,9,19.25
208320,2022-12-09,10311,1,30.68
205968,2022-09-06,10497,9,40.8
209043,2022-07-31,10303,1,43.04
207493,2022-06-02,10012,2,98.03
204103,2022-06-07,10318,2,41.77
202076,2022-12-28,10080,6,58.85
205231,2022-05-19,10216,7,34.23
202994,2022-08-09,10339,1,76.63
203744,2022-09-30,10264,3,109.86
205594,2022-06-03,10479,2,43.19
207531,2022-09-06,10149,8,20.16
207371,2022-10-06,10081,9,25.17
201644,2022-10-31,10215,2,38.13
203144,2022-10-03,10485,2,41.61
200242,2022-01-02,10374,10,46.96
204085,2022-03-29,10464,9,41.68
207954,2022-10-14,10198,4,33.23
207269,2022-05-10,10200,5,24.09
207130,2022-03-19,10025,9,40.47
206828,2022-09-17,10466,6,83.72
208362,2022-08-29,10089,10,55.14
208844,2022-05-21,10268,9,43.27
206331,2022-08-16,10143,9,55.41
203512,2022-06-12,10059,7,27.51
201499,2022-08-24,10410,10,25.68
202158,2022-05-08,10489,9,22.79
205162,2022-07-19,10365,5,31.1
204039,2022-01-31,10026,5,26.82
202035,2022-05-18,10047,8,60.59
207977,2022-01-21,10288,10,26.11
200857,2022-08-22,10266,4,22.17
203823,2022-07-21,10016,9,87.47
206770,2022-10-06,10199,7,26.43
209241,2022-05-11,10401,7,35.76
200298,2022-05-28,10407,3,41.5
207244,2022-01-29,10282,4,18.76
200923,2022-12-27,10469,7,61.42
204232,2022-11-04,10086,5,45.54
204306,2022-06-11,10250,3,72.18
202799,2022-12-23,10391,1,23.58
206578,2022-12-06,10270,7,34.8
204875,2022-03-02,10335,6,33.77
205326,2022-05-05,10117,10,37.79
206582,2022-03-12,10007,7,16.0
201802,2022-11-22,10137,2,35.0
202657,2022-12-30,10371,4,16.23
203346,2022-08-31,10176,2,39.61
209663,2022-09-06,10328,8,11.42
202949,2022-08-09,10498,7,13.12
200941,2022-01-21,10315,1,49.86
201907,2022-03-23,10215,2,25.19
204837,2022-12-10,10477,2,20.21
208105,2022-01-10,10082,4,62.52
201243,2022-01-12,10223,3,39.01
205696,2022-09-20,10478,1,51.22
201466,2022-05-25,10372,2,30.47
203957,2022-07-11,10423,9,126.45
201966,2022-09-07,10483,1,24.48
200375,2022-04-24,10402,9,79.22
200262,2022-01-26,10443,7,32.11
204362,2022-09-28,10490,2,14.48
206502,2022-02-02,10103,2,42.16
207833,2022-03-03,10273,5,38.76
201893,2022-08-17,10014,5,19.58
208106,2022-10-30,10159,4,20.88
201652,2022-04-05,10152,10,32.71
205540,2022-02-04,10483,10,39.44
203892,2022-07-12,10108,3,9.63
200599,2022-03-17,10188,4,56.07
204815,2022-09-06,10301,10,25.86
201912,2022-03-24,10098,4,17.02
209484,2022-01-25,10131,2,53.01
208792,2022-02-26,10293,5,32.73
208572,2022-02-01,10171,5,60.83
204213,2022-11-15,10424,5,41.22
203637,2022-01-12,10474,10,33.09
209290,2022-11-15,10183,1,30.68
205599,2022-11-29,10471,6,42.16
206448,2022-04-02,10364,2,26.93
208557,2022-01-01,10039,7,21.62
207382,2022-11-22,10015,4,44.92
208982,2022-05-16,10376,5,30.81
203569,2022-07-15,10497,5,33.68
207707,2022-05-13,10004,5,57.09
200746,2022-03-27,10349,2,31.28
208504,2022-10-22,10470,5,33.37
204633,2022-10-06,10409,3,24.54
200920,2022-11-20,10397,4,41.07
209269,2022-06-29,10210,2,39.45
207008,2022-01-04,10161,4,51.96
202381,2022-05-06,10016,9,24.79
203618,2022-06-24,10493,8,26.34
208989,2022-09-08,10426,3,49.21
204443,2022-01-21,10108,1,37.57
200272,2022-04-15,10382,1,21.05
201773,2022-03-07,10450,6,63.64
202547,2022-09-20,10311,3,14.17
203164,2022-02-18,10227,4,49.02
204780,2022-01-16,10170,1,17.59
200946,2022-05-25,10034,8,85.02
200506,2022-12-06,10414,1,15.3
206719,2022-09-07,10251,5,58.92
208435,2022-12-09,10247,6,31.79
208697,2022-12-20,10269,2,27.57
206360,2022-03-16,10141,7,36.33
207657,2022-10-17,10274,7,45.42
203590,2022-10-09,10416,1,21.07
201192,2022-03-07,10096,4,22.02
201464,2022-05-05,10227,4,45.82
200390,2022-11-15,10379,5,14.1
205615,2022-03-28,10039,1,24.73
206106,2022-02-10,10302,1,151.46
208864,2022-07-05,10500,7,20.41
202560,2022-12-20,10029,9,58.79
205867,2022-12-01,10446,1,24.71
201211,2022-09-23,10497,2,42.71
209121,2022-09-28,10477,6,45.93
201539,2022-02-11,10318,6,58.23
209104,2022-04-03,10245,2,29.96
200643,2022-07-04,10236,9,89.52
208693,2022-08-03,10185,4,24.66
208921,2022-01-17,10272,7,37.23
201283,2022-09-22,10440,6,37.44
207680,2022-04-24,10236,3,18.9
207345,2022-10-19,10239,8,28.7
204386,2022-10-19,10377,7,35.9
200919,2022-02-17,10266,9,26.68
202339,2022-11-03,10414,3,112.22
208947,2022-04-07,10409,1,21.77
205930,2022-04-05,10359,2,59.72
205402,2022-11-22,10340,1,50.82
205663,2022-03-15,10389,5,32.89
205275,2022-12-02,10065,10,21.49
200507,2022-03-09,10478,2,22.55
201436,2022-09-03,10177,3,25.56
208750,2022-03-18,10003,8,13.56
207354,2022-07-27,10429,10,20.05
204516,2022-09-11,10142,5,15.78
203622,2022-08-09,10376,4,64.91
204399,2022-09-19,10158,5,45.12
205037,2022-11-27,10498,10,49.06
208111,2022-12-10,10324,6,44.45
203715,2022-09-16,10146,7,36.0
207837,2022-11-04,10446,9,68.74
201301,2022-03-15,10293,1,24.4
207370,2022-05-05,10153,4,34.93
205185,2022-07-07,10432,9,48.11
202155,2022-09-11,10193,5,17.11
206411,2022-11-17,10437,8,155.76
206365,2022-11-04,10494,1,33.59
200692,2022-08-23,10463,4,35.55
201478,2022-09-07,10073,9,62.08
206396,2022-11-28,10399,1,52.33
208448,2022-12-11,10305,1,33.75
200441,2022-03-13,10377,4,35.34
202646,2022-08-23,10344,3,15.61
205209,2022-11-20,10452,7,25.07
206533,2022-06-05,10140,3,42.89
204677,2022-04-25,10187,1,41.34
207211,2022-11-09,10293,10,60.98
209927,2022-08-16,10061,2,31.18
202645,2022-11-18,10485,10,16.55
208210,2022-12-12,10427,4,56.17
209316,2022-09-02,10380,1,67.9
207933,2022-11-02,10198,1,51.89
205476,2022-01-14,10295,8,30.51
207928,2022-01-16,10440,7,55.82
202080,2022-02-11,10319,8,183.91
206089,2022-04-20,10302,4,35.08
207396,2022-10-05,10344,6,17.19
209739,2022-11-20,10011,3,24.7
207797,2022-01-19,10062,8,45.27
200861,2022-03-07,10333,4,14.84
208346,2022-06-16,10226,3,36.04
203494,2022-03-14,10153,4,40.05
200904,2022-11-06,10199,6,71.35
201269,2022-04-22,10052,7,63.76
200404,2022-10-01,10260,7,51.02
209035,2022-03-26,10059,4,11.23
209974,2022-05-19,10072,8,52.48
209756,2022-02-08,10148,7,47.12
201184,2022-04-15,10349,2,37.64
208938,2022-11-20,10063,8,13.94
201725,2022-10-08,10310,9,22.46
208462,2022-05-03,10373,5,18.48
205811,2022-08-06,10243,4,12.09
205606,2022-03-02,10493,4,33.07
203956,2022-04-10,10366,4,22.22
200171,2022-11-03,10330,6,123.06
208465,2022-12-20,10107,4,30.44
202306,2022-07-23,10226,7,63.24
209350,2022-09-15,10313,7,15.11
209898,2022-01-05,10218,5,25.41
209963,2022-07-16,10425,5,34.76
200421,2022-06-29,10241,10,21.03
205540,2022-12-08,10259,8,26.81
209401,2022-05-13,10376,7,29.7
204675,2022-11-20,10262,7,29.46
209082,2022-09-10,10005,6,83.73
206748,2022-09-22,10261,7,40.01
206103,2022-04-03,10054,7,42.09
201473,2022-05-30,10047,10,43.37
203243,2022-05-18,10215,2,44.98
202181,2022-07-27,10177,10,31.77
209641,2022-05-05,10009,2,28.21
203096,2022-08-22,10099,10,36.0
206646,2022-03-02,10020,7,59.05
209782,2022-11-03,10378,10,58.16
205882,2022-09-23,10241,7,29.36
205982,2022-05-14,10061,7,48.61
205798,2022-11-14,10379,5,30.05
209627,2022-04-23,10490,1,33.68
208415,2022-07-10,10419,2,26.13
208411,2022-07-06,10178,9,30.24
209846,2022-11-15,10338,8,64.76
208456,2022-03-30,10062,8,34.68
209145,2022-07-06,10145,10,35.43
204524,2022-11-03,10216,1,16.06
206559,2022-05-12,10003,6,28.37
207620,2022-12-26,10160,9,29.35
202774,2022-05-03,10227,8,21.88
205673,2022-02-17,10486,3,33.48
203124,2022-10-15,10269,4,26.72
208671,2022-06-28,10120,3,34.47
201353,2022-06-29,10381,6,35.19
209081,2022-04-09,10495,9,20.53
203854,2022-11-26,10089,8,27.13
208134,2022-02-03,10329,10,34.42
200924,2022-03-11,10068,4,59.87
202170,2022-06-20,10398,2,37.65
205506,2022-09-29,10357,8,23.78
202395,2022-02-28,10098,8,40.43
208220,2022-06-30,10267,6,77.77
208226,2022-01-19,10105,8,52.37
205515,2022-08-14,10440,9,43.54
202670,2022-04-05,10323,1,47.6
203365,2022-10-24,10123,9,68.03
200588,2022-03-22,10476,2,56.7
203138,2022-06-24,10029,1,43.96
209095,2022-08-10,10137,8,56.5
206663,2022-04-13,10195,8,19.28
204086,2022-02-23,10409,4,15.62
208531,2022-07-02,10226,8,35.82
204270,2022-12-17,10332,7,34.27
206019,2022-11-14,10170,2,25.23
209906,2022-12-21,10009,5,50.05
200556,2022-12-15,10463,10,13.05
208022,2022-11-17,10040,4,25.35
205452,2022-03-09,10025,3,25.99
203567,2022-01-28,10261,1,14.61
203899,2022-10-01,10395,5,69.92
206477,2022-10-09,10443,10,16.78
207500,2022-12-26,10226,8,24.68
201016,2022-11-07,10472,9,52.14
206470,2022-04-29,10124,7,45.74
202062,2022-05-14,10463,1,19.03
209030,2022-05-09,10038,1,46.58
209829,2022-01-08,10328,1,38.28
204321,2022-02-20,10251,2,106.33
203496,2022-12-07,10389,1,40.53
201813,2022-10-08,10176,4,30.86
206256,2022-06-24,10090,10,21.58
209643,2022-07-02,10402,9,22.83
202313,2022-07-11,10454,4,21.91
209706,2022-09-06,10037,4,65.73
201231,2022-08-23,10316,7,33.41
209837,2022-03-24,10176,9,43.93
205831,2022-04-03,10461,7,70.61
202999,2022-11-08,10284,1,10.18
203440,2022-09-25,10453,1,62.77
204056,2022-04-30,10461,4,34.05
200305,2022-03-12,10081,4,41.16
209915,2022-01-17,10114,1,21.88
201689,2022-09-10,10040,6,22.7
209709,2022-05-02,10301,10,42.28
203917,2022-01-10,10224,2,109.1
207080,2022-10-14,10318,5,54.69
208611,2022-11-12,10349,8,62.35
202936,2022-11-22,10115,3,30.08
203862,2022-09-30,10186,9,24.53
209642,2022-11-02,10323,7,22.41
205649,2022-10-20,10056,9,25.94
203261,2022-07-29,10040,1,11.87
209356,2022-08-06,10354,5,23.05
201819,2022-08-29,10040,3,25.02
201342,2022-07-19,10347,4,30.34
205560,2022-08-04,10461,4,35.37
202226,2022-07-24,10237,7,39.7
201079,2022-08-04,10289,10,32.87
204206,2022-03-21,10262,8,24.76
206280,2022-09-24,10216,10,12.41
207235,2022-02-04,10147,5,24.84
200813,2022-10-16,10336,10,20.36
205089,2022-01-18,10168,7,41.81
202031,2022-06-14,10092,3,52.18
208514,2022-01-13,10353,3,52.95
209095,2022-07-21,10059,3,48.35
209733,2022-08-17,10059,4,30.98
205911,2022-12-12,10304,6,25.51
202653,2022-01-01,10169,5,22.79
203340,2022-11-15,10269,8,15.58
207876,2022-08-05,10363,5,54.38
201141,2022-02-03,10045,5,30.35
209041,2022-12-25,10345,10,17.76
208558,2022-09-23,10181,2,21.91
202897,2022-05-08,10170,5,21.47
209281,2022-07-31,10356,7,33.84
204041,2022-09-20,10191,2,56.47
202038,2022-11-08,10155,6,27.83
204270,2022-03-21,10422,7,10.74
204683,2022-06-14,10188,5,30.13
200494,2022-09-09,10007,9,30.63
207116,2022-01-12,10133,4,29.59
201784,2022-10-31,10235,10,24.2
203510,2022-07-31,10045,1,36.92
203786,2022-10-09,10314,8,34.23
205266,2022-04-22,10249,8,32.71
209190,2022-07-30,10499,7,40.7
205428,2022-08-27,10031,8,26.71
206681,2022-09-25,10023,2,25.96
206893,2022-10-25,10426,3,66.03
209643,2022-11-13,10394,9,43.8
209943,2022-02-27,10160,1,50.07
204658,2022-02-03,10363,8,61.13
207082,2022-09-20,10437,8,43.08
206869,2022-12-31,10158,7,52.68
207607,2022-02-04,10039,5,15.03
207669,2022-09-28,10415,4,36.67
206219,2022-08-15,10082,10,30.22
204534,2022-01-25,10356,10,76.62
205979,2022-08-22,10258,10,52.66
208890,2022-02-28,10206,10,24.16
201312,2022-09-08,10077,6,39.9
202962,2022-12-01,10477,1,36.01
202938,2022-03-27,10012,5,41.56
203197,2022-09-08,10295,4,19.9
205296,2022-06-29,10450,4,39.65
207204,2022-07-26,10224,7,29.55
205730,2022-12-10,10013,9,38.14
200126,2022-05-29,10046,8,23.05
205602,2022-03-12,10155,8,24.72
201191,2022-05-01,10113,5,59.56
202639,2022-09-10,10233,6,19.57
201366,2022-04-03,10017,2,20.31
209211,2022-09-13,10360,3,32.27
206453,2022-09-11,10223,5,22.51
206671,2022-12-18,10354,2,21.27
206683,2022-10-15,10188,3,34.9
204539,2022-11-05,10448,4,15.6
208876,2022-02-28,10344,6,20.01
202887,2022-03-10,10365,5,92.49
209654,2022-03-27,10163,10,41.67
204086,2022-10-01,10496,4,22.8
202261,2022-08-15,10326,2,40.82
204180,2022-03-22,10467,5,43.98
202841,2022-04-24,10414,5,54.45
209959,2022-07-03,10455,7,31.08
206040,2022-10-07,10074,1,53.96
203560,2022-11-18,10233,4,11.95
204758,2022-11-14,10224,5,19.53
200626,2022-02-23,10482,8,35.94
205014,2022-07-16,10319,8,39.05
201375,2022-10-20,10412,1,20.99
201181,2022-10-20,10060,5,37.7
205708,2022-10-18,10335,10,24.24
200490,2022-06-29,10222,1,28.83
203729,2022-08-10,10037,1,55.28
205974,2022-10-01,10477,2,52.17
203534,2022-09-01,10278,2,20.12
203296,2022-06-03,10196,9,19.52
201940,2022-10-31,10404,4,26.96
205014,2022-09-30,10352,3,32.68
201882,2022-05-15,10484,1,23.83
204908,2022-11-09,10242,2,55.72
202987,2022-01-08,10324,6,39.4
205585,2022-05-08,10219,9,40.57
203159,2022-02-25,10192,5,17.58
204530,2022-05-06,10017,4,59.36
200681,2022-06-08,10012,5,8.08
205254,2022-02-28,10406,9,50.25
201073,2022-02-27,10401,7,52.83
202387,2022-05-20,10394,8,26.68
202693,2022-06-25,10374,4,62.58
209562,2022-04-18,10193,8,32.09
204340,2022-07-30,10022,6,34.17
202156,2022-03-15,10474,5,39.24
207966,2022-06-16,10120,7,162.92
202580,2022-12-23,10210,6,64.86
207257,2022-10-31,10306,3,47.02
202159,2022-08-21,10270,5,20.98
206772,2022-11-23,10192,9,35.58
201627,2022-07-01,10175,7,22.05
208219,2022-05-02,10285,4,49.95
207080,2022-11-30,10204,7,35.52
201985,2022-07-22,10164,5,18.87
209713,2022-01-29,10251,2,34.49
208488,2022-07-21,10227,6,21.66
202181,2022-04-03,10436,7,35.72
202296,2022-11-25,10381,8,21.55
207164,2022-12-22,10460,6,33.57
202597,2022-06-25,10007,8,48.19
200901,2022-11-26,10029,7,32.25
206060,2022-07-30,10395,2,27.24
209290,2022-07-03,10033,6,36.66
201677,2022-04-05,10134,9,46.93
202881,2022-09-30,10367,6,19.04
205622,2022-05-17,10079,4,37.73
208052,2022-08-25,10416,7,63.99
201378,2022-12-19,10435,3,44.12
201248,2022-09-22,10459,5,34.09
205650,2022-05-15,10058,1,45.6
206079,2022-05-24,10471,10,41.52
209456,2022-01-19,10026,3,48.27
207036,2022-08-19,10482,8,12.04
206487,2022-05-14,10430,9,15.23
201058,2022-04-24,10226,9,54.73
202048,2022-05-19,10285,10,15.6
206115,2022-05-05,10004,2,40.48
204248,2022-07-23,10465,4,27.77
202476,2022-03-02,10099,5,20.12
204603,2022-09-07,10397,3,39.44
203553,2022-10-25,10489,1,36.62
209953,2022-01-13,10039,6,95.12
200220,2022-09-12,10271,10,24.23
204818,2022-03-26,10375,2,68.04
207192,2022-01-20,10285,9,39.5
204623,2022-02-19,10157,1,23.8
207349,2022-06-13,10075,9,49.38
205618,2022-04-02,10372,7,43.94
209856,2022-03-29,10288,10,33.71
207209,2022-03-10,10130,2,37.83
204576,2022-02-06,10175,6,24.57
201871,2022-09-10,10462,8,21.91
207915,2022-09-09,10084,2,48.41
201462,2022-05-20,10022,5,29.61
205521,2022-12-21,10459,6,31.82
208536,2022-06-17,10027,3,38.09
208236,2022-02-23,10195,2,37.81
207813,2022-06-27,10337,6,16.21
202068,2022-10-24,10382,3,63.0
205753,2022-10-28,10236,2,35.18
207237,2022-12-25,10440,1,29.92
207016,2022-04-16,10092,8,41.08
206191,2022-05-17,10477,1,37.27
201514,2022-07-09,10021,5,48.6
202598,2022-05-08,10303,6,43.34
201001,2022-12-08,10464,3,47.41
201033,2022-02-16,10357,7,65.07
206899,2022-01-05,10443,2,51.51
208465,2022-09-14,10084,7,30.56
205051,2022-10-27,10262,2,18.89
209971,2022-05-30,10147,5,76.24
204476,2022-10-21,10441,7,29.4
200478,2022-08-31,10453,3,26.14
200515,2022-10-02,10387,4,13.9
201191,2022-07-27,10257,1,39.22
206297,2022-04-25,10058,3,35.67
209603,2022-07-14,10380,9,15.52
200271,2022-12-09,10422,10,41.54
208334,2022-06-19,10015,5,25.81
207778,2022-03-23,10162,8,127.12
206008,2022-06-03,10445,2,24.91
207987,2022-05-21,10163,3,26.64
203332,2022-11-10,10320,7,21.38
200787,2022-05-26,10497,10,62.74
206222,2022-11-19,10281,4,27.48
209873,2022-05-02,10280,9,23.05
200622,2022-09-09,10012,7,47.16
203841,2022-12-09,10274,1,16.61
203676,2022-11-07,10271,4,45.27
202572,2022-03-30,10492,10,80.7
206915,2022-02-27,10208,6,43.96
205033,2022-03-04,10027,6,45.56
207788,2022-12-13,10072,10,51.16
205214,2022-11-04,10060,6,77.86
204712,2022-10-07,10430,5,60.64
200066,2022-03-13,10473,3,41.26
207533,2022-01-09,10145,2,52.04
204616,2022-04-04,10093,3,21.26
201140,2022-12-05,10309,9,48.82
205730,2022-12-02,10008,3,20.03
207465,2022-06-01,10079,3,27.56
209379,2022-12-22,10027,1,7.09
204471,2022-02-09,10174,2,40.48
203339,2022-12-25,10050,3,24.0
200548,2022-03-03,10500,2,57.72
207675,2022-09-11,10199,8,40.25
208264,2022-03-10,10387,6,58.09
200198,2022-09-02,10349,7,19.26
209973,2022-12-31,10448,1,55.66
200571,2022-06-19,10428,6,94.91
200790,2022-06-27,10181,2,48.53
209830,2022-07-08,10024,6,49.16
201174,2022-09-17,10316,3,36.05
200178,2022-03-13,10378,7,25.47
202244,2022-01-17,10387,3,48.45
204086,2022-12-07,10404,9,15.6
200734,2022-02-26,10046,3,26.87
206232,2022-08-06,10015,7,13.66
200798,2022-04-17,10153,4,23.29
207601,2022-10-31,10222,8,45.65
208979,2022-06-22,10206,2,42.64
202795,2022-08-07,10455,8,33.97
204588,2022-09-04,10273,9,36.06
207297,2022-08-06,10382,8,12.9
203084,2022-01-31,10236,6,27.49
200731,2022-02-16,10340,10,23.55
201129,2022-05-14,10228,1,23.82
201605,2022-04-18,10009,7,44.69
202933,2022-03-13,10166,1,21.54
209407,2022-11-23,10432,7,24.48
208516,2022-04-18,10444,2,11.66
205074,2022-11-05,10319,8,28.59
207099,2022-09-29,10214,2,19.22
201490,2022-06-20,10117,3,34.45
200893,2022-04-26,10386,3,20.58
201390,2022-11-25,10344,1,34.89
203389,2022-03-15,10072,5,30.8
204239,2022-09-13,10395,5,76.4
204479,2022-03-22,10064,10,42.46
202263,2022-09-25,10205,5,13.2
203432,2022-05-08,10209,9,17.59
202371,2022-11-22,10072,6,34.04
204312,2022-08-23,10277,6,20.8
201515,2022-02-10,10274,3,7.51
206326,2022-06-30,10478,5,65.03
207088,2022-06-06,10320,10,47.47
205586,2022-02-28,10338,7,42.97
202917,2022-12-11,10366,3,24.44
205731,2022-09-06,10495,2,41.01
207686,2022-07-11,10095,5,23.29
201167,2022-01-24,10166,3,36.69
208302,2022-03-21,10032,5,20.9
205109,2022-05-14,10011,9,70.68
204327,2022-08-01,10301,10,15.1
205810,2022-12-14,10217,1,61.32
203655,2022-06-15,10289,4,33.77
203793,2022-12-14,10102,10,25.93
209947,2022-12-03,10425,5,36.0
206738,2022-03-12,10392,2,47.78
201577,2022-08-02,10267,2,65.59
209488,2022-03-06,10214,1,38.73
202220,2022-08-09,10179,8,21.21
209164,2022-11-04,10088,2,34.05
201030,2022-10-13,10041,3,82.14
206691,2022-07-04,10401,2,64.96
203992,2022-07-26,10076,4,52.16
200913,2022-04-09,10377,1,49.3
206358,2022-08-30,10046,3,46.98
202181,2022-06-07,10160,5,59.11
203197,2022-04-08,10463,10,26.36
206040,2022-02-11,10080,1,16.82
201462,2022-05-19,10310,4,34.28
207037,2022-10-10,10086,6,22.0
209499,2022-08-15,10092,4,19.54
204994,2022-03-13,10148,7,23.1
209381,2022-08-31,10161,7,114.74
205308,2022-01-18,10202,6,35.45
206221,2022-03-18,10424,9,39.68
207090,2022-02-14,10416,2,17.97
207769,2022-12-09,10242,10,13.17
200687,2022-05-20,10353,8,21.99
204661,2022-06-26,10002,8,67.97
209399,2022-08-10,10225,10,39.14
201894,2022-04-02,10289,4,44.67
207389,2022-01-22,10233,6,47.91
204922,2022-06-21,10461,6,24.64
206322,2022-04-02,10414,5,66.29
203183,2022-07-11,10417,1,24.13
203797,2022-03-18,10077,3,66.89
205178,2022-10-08,10116,7,41.31
209836,2022-12-30,10154,8,13.54
203968,2022-06-28,10406,2,22.78
202716,2022-08-26,10103,3,13.57
200190,2022-05-15,10194,4,59.24
201335,2022-12-31,10166,5,32.71
208181,2022-10-07,10359,3,10.87
200378,2022-01-19,10090,5,39.96
203829,2022-03-24,10174,8,25.32
206380,2022-08-16,10122,8,15.77
200615,2022-09-22,10498,2,76.63
202330,2022-04-22,10143,6,34.94
201754,2022-09-08,10482,4,28.6
200463,2022-06-13,10106,9,27.12
209158,2022-12-24,10375,10,15.54
204267,2022-06-17,10428,2,17.25
203158,2022-08-09,10305,8,62.96
203624,2022-10-31,10360,1,26.13
204938,2022-07-10,10459,6,33.48
205417,2022-11-21,10317,10,11.92
206004,2022-06-19,10451,1,17.13
208881,2022-02-14,10123,2,44.92
205603,2022-01-14,10390,3,40.0
202212,2022-08-19,10009,9,79.57
206120,2022-06-06,10262,5,64.81
205818,2022-05-14,10073,10,29.51
200382,2022-02-06,10359,10,41.95
202256,2022-02-22,10223,2,28.27
201412,2022-01-18,10416,10,92.52
209775,2022-02-07,10041,5,58.82
206146,2022-07-06,10370,5,36.05
200371,2022-07-15,10204,1,36.61
205806,2022-08-31,10264,3,68.2
205565,2022-10-27,10328,5,44.25
208802,2022-10-30,10178,9,72.19
208307,2022-02-04,10348,10,11.06
207437,2022-08-03,10318,1,41.7
200446,2022-08-07,10084,8,25.59
201391,2022-11-12,10318,1,79.69
201340,2022-03-31,10111,9,71.75
202939,2022-11-04,10251,6,33.66
205969,2022-09-09,10383,1,71.37
209265,2022-01-08,10007,8,80.77
204813,2022-09-13,10459,5,34.37
203569,2022-12-29,10084,7,113.97
205454,2022-07-27,10208,7,32.6
203150,2022-05-11,10388,7,29.75
209797,2022-08-12,10390,6,51.06
206414,2022-07-16,10314,8,27.75
204657,2022-05-22,10022,9,34.56
206947,2022-09-09,10410,2,67.0
207943,2022-04-06,10383,7,33.44
203662,2022-01-26,10003,2,14.19
204482,2022-04-21,10127,6,39.79
204797,2022-05-03,10297,2,23.38
205068,2022-07-05,10188,10,51.04
205480,2022-06-17,10362,6,46.9
208033,2022-02-20,10014,2,69.11
200983,2022-01-05,10459,1,52.13
205607,2022-03-18,10466,7,57.12
208543,2022-06-09,10012,3,23.7
209916,2022-07-27,10087,4,49.5
209471,2022-09-14,10012,6,88.61
201907,2022-07-24,10397,5,23.47
206924,2022-09-12,10025,4,81.44
209216,2022-01-11,10301,9,25.16
208737,2022-01-08,10243,6,21.63
204174,2022-02-01,10122,6,38.4
209080,2022-01-28,10147,2,47.37
207265,2022-07-25,10055,6,52.24
209297,2022-08-16,10238,7,20.47
201990,2022-05-08,10356,8,41.15
205596,2022-09-12,10173,8,23.51
203998,2022-07-31,10392,9,15.73
203775,2022-08-27,10221,10,20.81
209112,2022-07-26,10119,3,22.75
204645,2022-11-14,10309,10,42.98
202061,2022-10-10,10183,7,58.92
204487,2022-09-02,10288,7,15.85
204435,2022-02-14,10307,1,39.49
202644,2022-04-15,10300,8,18.39
201045,2022-12-14,10082,4,45.36
207951,2022-10-08,10454,5,24.26
206449,2022-08-22,10402,6,19.58
202681,2022-07-08,10211,3,49.39
203199,2022-02-13,10150,5,24.69
206768,2022-08-13,10037,10,28.28
209130,2022-05-22,10352,5,10.91
207440,2022-05-16,10312,1,53.16
208633,2022-06-25,10361,3,49.92
202550,2022-05-22,10059,3,33.21
204225,2022-03-21,10131,1,15.43
200596,2022-03-23,10412,7,60.62
206054,2022-05-15,10202,1,23.73
201505,2022-07-26,10243,7,26.4
209053,2022-12-10,10035,4,105.22
206468,2022-06-26,10445,9,23.29
207236,2022-08-31,10093,7,48.0
201551,2022-02-24,10438,5,43.86
209928,2022-05-21,10447,7,40.25
206852,2022-02-25,10207,9,38.13
201449,2022-01-15,10353,10,39.97
205953,2022-07-04,10391,6,37.94
208456,2022-11-10,10332,1,32.27
208042,2022-03-29,10305,6,70.5
202659,2022-04-07,10350,1,17.18
207509,2022-05-24,10213,4,55.19
207893,2022-01-08,10159,8,49.96
207445,2022-08-03,10442,5,46.96
202721,2022-06-22,10445,5,57.89
209654,2022-08-11,10024,10,31.62
209637,2022-02-09,10404,8,13.01
202925,2022-07-01,10293,8,31.94
209824,2022-09-27,10004,1,20.17
207104,2022-07-06,10220,5,22.97
206240,2022-09-02,10364,5,17.79
200512,2022-11-05,10382,8,26.08
200215,2022-08-19,10020,1,24.57
207299,2022-06-04,10444,7,10.09
203153,2022-06-24,10152,7,47.0
207450,2022-12-02,10050,9,100.5
201706,2022-04-25,10177,2,44.84
201567,2022-11-07,10435,3,29.92
201128,2022-10-27,10096,4,32.22
203510,2022-01-18,10105,1,26.83
207867,2022-09-29,10420,7,34.64
202365,2022-01-12,10250,10,32.51
205583,2022-10-28,10117,3,21.75
204897,2022-07-11,10354,3,76.82
205718,2022-08-20,10228,3,15.74
206001,2022-04-03,10066,8,47.43
204567,2022-08-06,10335,9,31.48
209271,2022-10-05,10418,10,85.66
202741,2022-12-19,10420,2,39.27
203020,2022-10-30,10262,10,27.66
206256,2022-01-29,10295,10,29.26
200228,2022-10-28,10426,1,33.78
208362,2022-03-18,10243,9,18.7
200294,2022-01-09,10371,6,22.57
204284,2022-01-24,10186,9,13.57
208617,2022-01-15,10246,6,20.87
206801,2022-06-13,10125,2,34.71
200918,2022-01-13,10268,1,38.48
200498,2022-12-13,10131,8,12.31
202809,2022-06-21,10237,3,30.92
204961,2022-12-23,10018,1,43.89
209017,2022-11-23,10040,8,30.52
203779,2022-07-19,10021,1,24.12
202118,2022-03-17,10399,8,26.95
206391,2022-06-13,10225,1,25.27
200145,2022-03-02,10355,9,24.09
207942,2022-09-02,10282,9,36.12
204565,2022-06-04,10008,9,104.99
200192,2022-09-14,10100,3,22.83
205187,2022-09-01,10240,4,28.25
206637,2022-06-11,10478,5,32.27
208243,2022-03-09,10087,6,23.48
202410,2022-12-10,10298,9,57.35
201820,2022-10-04,10428,4,10.12
202964,2022-06-10,10014,6,25.39
202521,2022-09-16,10334,1,49.86
202568,2022-11-03,10002,2,28.59
205882,2022-12-01,10375,8,21.97
201867,2022-04-05,10293,4,41.28
207465,2022-09-03,10325,10,52.1
207602,2022-08-09,10422,7,36.79
203199,2022-05-03,10493,4,22.18
206103,2022-07-06,10041,9,41.6
200240,2022-09-19,10318,9,27.08
203440,2022-09-30,10316,4,48.07
204631,2022-03-01,10381,8,69.52
209599,2022-05-05,10111,6,9.0
208274,2022-12-03,10014,1,35.01
205077,2022-12-07,10231,7,13.9
203768,2022-02-20,10473,1,112.27
209142,2022-06-27,10084,3,26.2
207995,2022-05-19,10130,8,48.1
208802,2022-11-23,10231,9,32.54
206429,2022-06-19,10326,3,22.16
203605,2022-02-08,10145,1,20.88
202173,2022-03-10,10379,1,73.17
209714,2022-08-24,10345,7,53.41
206568,2022-02-17,10028,5,87.51
202601,2022-02-26,10066,1,34.05
202657,2022-10-04,10163,6,38.24
206080,2022-12-04,10229,6,28.97
207325,2022-04-09,10261,4,28.69
202159,2022-01-15,10449,7,19.67
203830,2022-11-21,10424,7,34.54
208313,2022-06-28,10460,9,22.32
204368,2022-11-28,10440,1,41.3
201317,2022-03-03,10164,5,36.05
204493,2022-04-29,10301,10,38.24
201230,2022-02-06,10407,3,76.52
201133,2022-05-14,10303,7,32.5
207607,2022-01-26,10287,4,48.35
201301,2022-01-08,10395,4,92.37
201910,2022-01-04,10010,1,63.64
208082,2022-01-21,10195,1,58.94
208107,2022-05-29,10118,10,28.41
209697,2022-01-25,10270,2,37.14
207970,2022-05-23,10080,2,17.13
201916,2022-09-02,10458,1,42.5
206996,2022-02-12,10093,8,37.99
202757,2022-10-20,10266,6,33.5
206464,2022-07-04,10332,6,55.35
200178,2022-02-11,10350,10,18.1
209088,2022-04-02,10361,10,75.0
206362,2022-11-13,10257,9,51.98
209743,2022-11-20,10133,5,31.97
208683,2022-02-22,10276,4,30.74
200060,2022-03-25,10264,6,42.11
209269,2022-02-03,10171,8,70.84
206681,2022-03-17,10460,1,34.84
202895,2022-12-19,10001,7,35.59
200585,2022-07-16,10313,8,33.42
205823,2022-10-13,10064,9,80.72
200534,2022-03-29,10374,8,27.54
203462,2022-08-23,10468,7,32.63
204011,2022-08-20,10284,3,68.84
203398,2022-01-07,10121,2,35.64
202155,2022-10-19,10107,3,58.47
205966,2022-02-07,10421,4,21.0
207329,2022-02-21,10175,4,29.88
206957,2022-05-23,10485,6,69.56
209196,2022-08-09,10204,7,23.61
205325,2022-08-28,10165,4,30.7
208518,2022-05-23,10305,10,37.65
204703,2022-12-15,10497,6,20.19
202706,2022-12-29,10120,9,26.93
200001,2022-02-18,10044,6,35.03
209225,2022-10-04,10312,3,33.9
208316,2022-09-28,10156,1,62.81
201104,2022-01-14,10367,10,71.57
201861,2022-10-25,10207,10,21.58
205269,2022-01-15,10390,5,35.01
206943,2022-08-22,10108,10,46.39
208320,2022-03-04,10251,10,70.68
200437,2022-07-15,10445,3,47.43
204846,2022-01-27,10404,8,38.3
203129,2022-04-03,10370,10,46.21
209413,2022-04-15,10334,1,46.38
208081,2022-11-05,10130,2,20.82
200901,2022-02-21,10457,3,36.47
205398,2022-11-15,10293,3,68.69
206678,2022-06-30,10020,8,29.85
205529,2022-02-26,10282,5,35.33
206604,2022-04-30,10285,8,29.33
203918,2022-11-04,10001,6,10.41
201067,2022-12-29,10119,2,33.46
200026,2022-02-12,10035,4,38.51
206937,2022-05-15,10198,9,25.63
207264,2022-09-17,10485,4,18.59
207118,2022-07-16,10245,5,21.32
200547,2022-05-13,10059,5,48.53
208758,2022-09-12,10325,10,88.79
208895,2022-08-08,10161,8,66.1
205338,2022-12-02,10497,6,16.91
203140,2022-02-10,10179,10,50.77
207996,2022-09-12,10206,7,23.77
201590,2022-01-02,10012,6,24.75
207776,2022-07-14,10490,5,26.29
204943,2022-08-30,10276,5,47.14
208997,2022-05-29,10181,3,53.5
207798,2022-07-17,10242,7,31.53
203791,2022-10-26,10216,10,31.8
201357,2022-09-02,10251,5,41.77
208092,2022-12-04,10299,7,43.99
203225,2022-04-18,10126,2,59.63
202460,2022-07-31,10482,9,17.42
208737,2022-06-05,10217,8,33.45
202728,2022-01-26,10306,5,19.41
206726,2022-03-23,10285,2,32.28
207481,2022-03-24,10185,6,29.57
206430,2022-05-11,10039,8,32.35
203114,2022-11-25,10223,7,22.2
200616,2022-04-10,10184,8,15.74
203644,2022-09-13,10495,4,11.62
206413,2022-02-18,10427,3,31.01
201203,2022-03-04,10178,7,26.7
209951,2022-11-07,10407,2,23.62
202565,2022-10-17,10428,5,64.15
203174,2022-04-15,10294,7,21.55
203081,2022-04-15,10340,1,67.25
202630,2022-11-21,10151,4,74.58
203161,2022-01-15,10384,2,12.49
204321,2022-06-24,10126,6,34.68
208861,2022-09-16,10301,1,27.12
206269,2022-07-30,10308,7,7.72
207099,2022-09-16,10336,3,16.08
207376,2022-04-12,10434,1,48.79
204078,2022-09-17,10234,8,90.89
205801,2022-12-10,10380,7,52.0
204151,2022-06-08,10375,2,38.93
208911,2022-02-14,10008,7,32.76
202600,2022-10-28,10498,3,76.81
206175,2022-09-08,10341,9,96.94
200666,2022-11-27,10129,8,24.69
200283,2022-06-14,10264,5,12.18
205840,2022-07-12,10157,7,11.6
203565,2022-01-09,10352,3,64.13
204593,2022-03-06,10358,1,32.35
201465,2022-10-09,10005,1,36.29
208321,2022-06-30,10495,2,13.53
204734,2022-10-09,10086,8,22.72
206257,2022-10-06,10175,1,28.57
207366,2022-01-30,10290,5,36.74
203672,2022-09-23,10193,9,27.13
207382,2022-11-24,10311,9,19.71
206587,2022-08-05,10119,2,22.37
200992,2022-11-16,10218,7,60.59
206858,2022-04-15,10427,1,37.43
202121,2022-07-03,10458,3,44.97
202223,2022-11-26,10414,6,21.13
204522,2022-05-28,10114,9,7.56
203188,2022-04-15,10466,10,25.49
203237,2022-02-16,10145,2,21.47
204136,2022-03-28,10026,7,39.43
200343,2022-11-05,10136,4,171.21
204704,2022-05-09,10303,2,46.88
204823,2022-09-15,10232,3,130.06
204920,2022-11-10,10369,6,44.01
203201,2022-05-27,10076,10,24.17
205471,2022-03-13,10475,9,39.41
200888,2022-05-20,10328,8,80.67
209533,2022-01-27,10345,10,82.66
207127,2022-01-29,10302,9,24.84
203720,2022-09-28,10452,4,37.58
202883,2022-06-23,10289,4,16.21
204212,2022-09-10,10001,9,50.02
206961,2022-03-01,10147,8,72.0
202415,2022-04-17,10287,2,33.78
209309,2022-08-08,10464,8,23.72
203001,2022-09-16,10142,1,39.65
201738,2022-05-26,10053,9,40.8
201364,2022-02-21,10304,9,34.49
202708,2022-03-01,10069,8,36.21
200924,2022-02-03,10361,5,30.36
200151,2022-04-06,10090,5,54.49
208777,2022-03-30,10446,3,47.85
208044,2022-11-12,10220,5,20.26
200912,2022-08-19,10450,4,19.98
202321,2022-10-02,10498,1,29.16
200495,2022-09-03,10192,9,47.87
202148,2022-04-21,10454,10,35.66
200556,2022-08-22,10063,4,24.01
201552,2022-10-05,10073,3,37.74
202120,2022-06-15,10161,6,28.07
203085,2022-05-08,10169,1,51.43
203504,2022-08-25,10089,5,39.12
200156,2022-10-18,10176,7,28.29
208926,2022-04-17,10269,2,37.18
207505,2022-05-08,10073,10,63.91
207162,2022-07-14,10245,9,24.91
205523,2022-12-05,10077,6,40.5
207543,2022-05-23,10159,2,31.97
208055,2022-04-21,10489,8,41.0
204654,2022-03-31,10459,8,23.87
206250,2022-09-08,10324,1,34.99
207246,2022-10-07,10098,1,57.62
200154,2022-11-29,10381,1,20.73
207950,2022-08-12,10102,4,17.04
200996,2022-04-11,10494,4,17.36
204626,2022-05-12,10132,8,18.44
202905,2022-01-13,10102,1,44.6
209369,2022-04-08,10019,10,16.4
200153,2022-04-30,10454,3,28.53
207853,2022-10-20,10482,1,45.11
206481,2022-10-31,10082,9,40.79
205599,2022-07-18,10397,10,27.31
201716,2022-01-01,10489,9,36.43
200786,2022-03-01,10279,7,34.94
204368,2022-09-07,10339,8,29.6
208096,2022-05-20,10365,1,29.8
204272,2022-05-29,10331,5,101.26
203767,2022-02-13,10129,2,49.63
208834,2022-07-05,10344,1,114.47
205994,2022-04-18,10310,3,25.83
207216,2022-02-13,10455,7,31.74
208857,2022-03-19,10089,1,17.01
203426,2022-08-14,10213,2,22.09
203783,2022-06-11,10143,2,85.71
205427,2022-10-08,10065,4,25.51
207011,2022-09-10,10076,3,86.46
208052,2022-05-12,10199,3,17.78
203701,2022-05-24,10143,10,19.56
209261,2022-09-23,10405,5,27.92
202349,2022-04-19,10403,3,32.08
207011,2022-07-13,10316,7,52.54
207055,2022-02-04,10093,5,41.49
201212,2022-10-02,10473,4,26.89
206965,2022-07-06,10417,3,30.98
209344,2022-08-31,10305,4,28.23
206704,2022-09-21,10224,2,20.96
207433,2022-01-10,10497,1,21.24
202511,2022-06-15,10291,3,55.36
200143,2022-01-29,10428,2,13.28
207367,2022-09-28,10102,1,74.34
203228,2022-03-28,10474,1,27.9
204582,2022-01-23,10267,2,22.51
206031,2022-07-29,10355,9,47.94
204243,2022-02-15,10456,5,69.59
209549,2022-01-28,10110,9,57.91
202713,2022-01-26,10462,8,42.56
204185,2022-09-23,10330,6,57.02
209549,2022-06-24,10450,1,14.04
207328,2022-01-04,10430,10,25.51
204633,2022-11-07,10265,5,21.0
203192,2022-11-18,10003,1,61.09
200300,2022-03-08,10085,7,27.34
200723,2022-05-15,10282,10,50.54
205694,2022-02-24,10328,8,43.29
203010,2022-01-31,10304,8,21.52
205555,2022-03-15,10450,7,24.69
200067,2022-01-19,10454,2,63.24
202506,2022-06-05,10412,5,22.47
201537,2022-12-03,10117,4,35.25
200397,2022-06-05,10221,5,22.39
205680,2022-05-27,10154,10,28.3
209355,2022-03-28,10153,9,32.36
204825,2022-01-20,10012,4,22.39
208747,2022-09-26,10133,8,20.49
206048,2022-11-29,10482,8,38.21
203661,2022-02-12,10304,2,21.71
209943,2022-11-02,10293,6,22.08
202941,2022-01-28,10463,5,20.71
207067,2022-09-17,10300,2,31.85
205091,2022-01-22,10228,10,53.08
201601,2022-04-11,10271,4,70.33
201480,2022-02-08,10043,7,23.04
206230,2022-10-17,10432,1,97.04
209294,2022-12-19,10343,9,20.04
203276,2022-10-27,10326,10,56.93
206447,2022-06-19,10302,1,23.08
205499,2022-10-23,10498,5,21.42
206273,2022-12-19,10364,7,22.82
201299,2022-05-10,10379,8,32.26
205818,2022-06-05,10427,2,44.26
206701,2022-03-15,10493,4,46.29
204994,2022-12-08,10021,2,20.66
207489,2022-03-31,10407,4,20.19
209727,2022-03-08,10107,6,20.94
208269,2022-08-24,10336,6,31.32
202831,2022-07-19,10303,2,29.81
202721,2022-11-28,10117,4,20.59
201532,2022-08-15,10124,4,37.89
208429,2022-12-14,10399,1,102.65
205253,2022-08-21,10281,2,25.73
201996,2022-09-23,10292,3,26.66
205311,2022-03-27,10203,5,43.81
200277,2022-04-12,10051,8,25.04
203089,2022-08-02,10271,6,46.27
200523,2022-04-18,10324,3,23.12
204275,2022-06-14,10277,6,82.77
205365,2022-04-01,10141,7,39.35
203122,2022-07-11,10470,6,24.29
208167,2022-12-01,10275,10,24.67
205190,2022-03-27,10290,6,25.61
204575,2022-08-10,10334,1,65.78
207727,2022-12-29,10381,3,17.56
201797,2022-04-11,10452,7,23.71
202131,2022-08-14,10496,4,25.01
207322,2022-12-30,10373,4,32.86
206500,2022-03-01,10052,7,28.92
200815,2022-09-07,10494,9,15.71
208634,2022-02-17,10027,2,27.12
206666,2022-04-27,10157,9,31.51
200142,2022-08-15,10239,3,24.19
201410,2022-12-28,10156,6,46.68
200534,2022-02-02,10291,4,52.44
209908,2022-02-13,10136,1,31.84
203364,2022-06-14,10144,9,37.16
201032,2022-12-11,10106,6,11.24
203342,2022-10-19,10420,8,26.83
209602,2022-12-03,10158,2,54.73
206085,2022-12-10,10146,7,26.8
204500,2022-10-14,10002,6,22.91
201172,2022-12-30,10433,2,103.42
209080,2022-08-13,10077,2,82.23
204517,2022-10-13,10132,4,41.84
208007,2022-07-23,10090,4,58.53
201641,2022-06-21,10345,3,10.88
200471,2022-01-12,10350,8,22.34
202940,2022-11-03,10459,7,26.18
208738,2022-05-01,10263,2,29.43
204726,2022-09-01,10351,3,25.92
207670,2022-06-01,10108,10,9.25
203723,2022-06-01,10074,9,40.17
200363,2022-07-07,10039,5,43.46
203309,2022-01-13,10397,2,73.77
200545,2022-04-01,10159,3,22.33
203240,2022-07-19,10071,8,21.43
206665,2022-03-15,10447,4,8.67
201936,2022-09-13,10312,2,28.59
209154,2022-10-03,10241,2,51.96
200882,2022-11-24,10426,6,24.39
203840,2022-11-25,10445,8,96.71
206923,2022-03-12,10298,7,29.13
209062,2022-03-19,10440,4,35.64
204611,2022-10-11,10036,2,16.75
209057,2022-05-10,10084,9,38.23
205204,2022-02-12,10452,4,12.31
207288,2022-01-08,10374,9,46.85
203203,2022-01-13,10263,5,47.57
202244,2022-08-01,10310,7,65.34
200018,2022-04-21,10385,5,19.89
200641,2022-10-18,10172,2,35.88
203083,2022-01-23,10376,6,43.9
205200,2022-10-29,10173,7,41.31
208521,2022-09-11,10362,6,21.48
200865,2022-01-15,10047,3,10.01
200773,2022-05-10,10379,10,39.39
204732,2022-03-02,10141,8,30.68
203518,2022-04-25,10375,3,24.94
206795,2022-11-16,10406,5,48.52
206984,2022-11-04,10118,9,32.38
202567,2022-11-21,10277,5,17.12
201674,2022-03-08,10214,7,12.61
200739,2022-09-06,10220,7,18.83
201545,2022-06-24,10393,5,109.56
209327,2022-12-05,10026,2,47.53
205127,2022-01-02,10009,5,36.39
206947,2022-06-21,10271,7,30.24
206620,2022-11-30,10010,7,29.26
209065,2022-10-11,10472,4,59.36
204555,2022-02-23,10378,1,25.91
205645,2022-03-08,10121,6,44.19
208943,2022-04-12,10125,3,27.82
207124,2022-04-30,10170,5,87.36
209045,2022-07-10,10072,4,48.0
203732,2022-10-31,10152,2,61.73
202283,2022-02-16,10208,7,24.72
209521,2022-08-10,10049,5,56.21
208669,2022-01-21,10154,7,28.32
206998,2022-06-07,10347,9,34.99
205413,2022-12-14,10293,4,75.0
201269,2022-06-08,10068,5,19.66
207868,2022-08-23,10050,9,36.66
202603,2022-05-30,10152,10,41.22
205961,2022-09-14,10019,4,42.95
209661,2022-06-14,10100,5,26.43
208569,2022-03-18,10060,5,93.98
207557,2022-03-26,10167,8,17.33
201680,2022-02-15,10202,4,68.68
208433,2022-02-16,10345,4,60.8
209111,2022-08-01,10146,7,85.67
205682,2022-02-28,10403,5,14.97
208084,2022-02-23,10164,6,21.45
205367,2022-12-08,10458,6,69.82
200069,2022-01-12,10481,6,12.95
203924,2022-07-11,10439,10,14.83
206200,2022-01-06,10242,5,25.94
202007,2022-11-05,10069,5,36.45
208992,2022-05-24,10175,9,73.41
208119,2022-12-12,10049,8,30.19
202779,2022-09-18,10483,4,24.43
204920,2022-03-14,10108,7,38.69
200755,2022-06-23,10226,8,41.88
206495,2022-08-20,10161,9,41.29
205935,2022-09-27,10119,5,30.3
209513,2022-12-28,10149,3,12.46
202330,2022-08-10,10465,4,20.93
205705,2022-02-21,10150,10,67.37
208301,2022-04-26,10432,6,36.36
201016,2022-01-26,10293,10,28.18
207347,2022-02-22,10143,5,57.92
208216,2022-12-31,10419,9,18.82
204938,2022-01-29,10476,3,29.59
202838,2022-01-19,10455,2,35.48
200737,2022-10-30,10160,6,26.56
206200,2022-10-06,10011,7,34.83
208371,2022-04-27,10138,5,30.15
200231,2022-04-16,10457,1,16.45
201917,2022-11-05,10078,3,36.26
208534,2022-08-15,10077,3,17.04
205918,2022-12-18,10441,4,35.97
202623,2022-07-05,10254,10,65.83
208646,2022-09-18,10409,6,28.77
206401,2022-01-16,10258,5,18.44
207072,2022-09-30,10320,1,31.08
202276,2022-06-09,10291,6,21.85
207393,2022-12-24,10263,9,44.58
208787,2022-09-07,10085,1,30.75
203874,2022-08-12,10146,8,77.86
204530,2022-09-13,10323,8,59.23
207164,2022-06-29,10042,3,30.68
204497,2022-01-20,10374,9,47.36
207933,2022-04-22,10125,8,27.2
202135,2022-04-30,10167,3,33.68
206727,2022-07-13,10425,10,27.64
201565,2022-04-21,10241,5,48.58
200308,2022-07-29,10459,3,67.8
208534,2022-01-01,10487,5,49.37
208627,2022-02-27,10280,9,52.51
208368,2022-04-03,10188,4,52.54
200138,2022-08-09,10302,6,43.62
200193,2022-07-30,10019,3,18.73
203257,2022-08-20,10068,3,77.52
203235,2022-09-19,10218,5,81.63
200942,2022-12-30,10102,8,29.46
204620,2022-04-13,10042,8,27.51
205720,2022-02-19,10288,3,44.98
206353,2022-04-20,10167,8,43.62
204957,2022-03-29,10109,8,29.93
209145,2022-01-20,10494,3,17.73
209494,2022-01-14,10036,10,38.58
203381,2022-05-13,10232,10,43.63
205839,2022-10-23,10229,2,47.6
202880,2022-02-03,10353,10,39.43
204887,2022-07-27,10164,2,28.92
200545,2022-10-28,10387,9,54.43
201927,2022-07-18,10073,7,34.22
204152,2022-03-21,10136,6,26.25
200004,2022-03-12,10353,7,30.26
205533,2022-06-04,10379,8,13.83
209554,2022-03-19,10070,1,30.23
205378,2022-03-19,10425,8,46.72
206233,2022-06-21,10487,3,39.25
202663,2022-10-16,10196,3,70.83
209465,2022-02-02,10269,6,29.04
203326,2022-10-27,10049,4,42.25
203659,2022-10-03,10316,4,49.22
201131,2022-01-07,10130,4,106.85
204763,2022-06-09,10444,10,35.6
206737,2022-08-28,10005,9,19.65
205092,2022-01-24,10428,8,50.6
206022,2022-08-02,10027,3,84.17
203159,2022-03-11,10160,1,28.18
206159,2022-08-04,10149,1,50.43
207318,2022-04-14,10264,1,61.21
208445,2022-08-03,10230,4,55.07
205307,2022-02-23,10200,6,35.26
208520,2022-10-21,10050,4,23.35
203044,2022-11-26,10067,3,31.8
209612,2022-12-02,10300,8,41.65
205636,2022-07-22,10381,8,52.15
202892,2022-10-15,10058,6,39.13
205288,2022-02-14,10259,9,27.39
205812,2022-11-13,10342,10,43.71
200654,2022-07-17,10326,1,50.91
205481,2022-08-04,10130,8,40.04
200759,2022-11-05,10215,6,21.8
206782,2022-11-28,10172,1,30.24
201798,2022-07-03,10258,4,53.19
205159,2022-01-27,10102,5,16.58
208446,2022-06-15,10209,7,11.63
205262,2022-11-14,10291,8,70.39
203823,2022-10-01,10354,9,42.76
201876,2022-12-31,10471,6,44.85
206154,2022-04-13,10286,10,19.33
207787,2022-11-29,10116,9,47.88
204516,2022-04-14,10264,4,38.0
203734,2022-09-02,10150,8,15.0
209436,2022-11-01,10300,3,67.5
205972,2022-06-18,10442,4,35.85
206639,2022-04-26,10036,10,27.17
205356,2022-05-21,10453,4,27.41
206380,2022-12-22,10333,6,12.09
201008,2022-05-05,10477,9,44.55
204314,2022-01-25,10287,6,37.75
209702,2022-07-13,10303,1,30.05
202508,2022-04-10,10311,5,62.76
204758,2022-01-05,10208,9,16.58
202682,2022-01-19,10106,5,24.57
207311,2022-06-19,10446,6,21.65
200989,2022-10-01,10158,3,28.81
208446,2022-09-11,10121,8,34.25
204711,2022-05-01,10055,10,41.06
206479,2022-02-01,10400,4,27.84
206964,2022-05-29,10012,4,21.36
208075,2022-09-23,10145,5,76.94
204452,2022-02-06,10400,10,110.59
208447,2022-06-26,10396,9,35.58
201007,2022-12-08,10136,8,22.68
206496,2022-01-13,10468,7,69.25
209947,2022-07-02,10003,5,16.06
207688,2022-05-25,10144,9,28.01
203908,2022-09-22,10030,9,23.38
202803,2022-03-29,10237,10,18.55
204379,2022-02-15,10279,10,28.79
200098,2022-04-29,10348,2,21.5
208388,2022-01-19,10115,4,33.33
200877,2022-08-08,10104,8,33.57
201868,2022-08-21,10118,1,24.27
202665,2022-04-04,10005,5,27.52
201388,2022-09-08,10468,8,29.51
202415,2022-09-07,10360,2,49.65
208761,2022-10-09,10248,2,30.75
202637,2022-08-20,10364,8,50.02
207242,2022-02-15,10321,10,44.39
209257,2022-02-15,10121,9,44.07
208613,2022-01-14,10286,7,66.28
202883,2022-03-26,10149,8,18.92
201204,2022-11-15,10084,5,26.14
200544,2022-11-24,10454,1,79.97
201223,2022-01-03,10406,4,29.12
203172,2022-01-28,10466,2,8.1
208959,2022-06-06,10456,3,29.92
206450,2022-12-09,10231,3,35.43
206520,2022-11-29,10288,9,8.95
200654,2022-11-28,10161,10,64.52
206821,2022-06-24,10272,4,23.18
202446,2022-04-24,10460,2,39.03
205892,2022-11-27,10038,3,29.58
208412,2022-09-07,10500,3,17.39
203666,2022-02-28,10226,7,19.39
204277,2022-07-22,10142,8,20.75
204402,2022-11-11,10292,6,56.99
202569,2022-08-27,10481,4,30.76
205515,2022-08-22,10151,6,25.51
209205,2022-10-30,10114,1,20.75
203985,2022-04-05,10237,10,60.22
208167,2022-05-21,10066,8,68.86
207448,2022-11-30,10361,1,59.88
204310,2022-04-23,10341,5,42.36
203019,2022-04-19,10258,2,38.28
203681,2022-12-28,10475,6,18.03
209635,2022-12-11,10249,9,29.29
204196,2022-10-16,10457,5,23.53
200572,2022-04-07,10449,4,13.29
209524,2022-12-01,10331,2,56.18
204753,2022-01-16,10323,3,23.38
207082,2022-02-13,10180,6,60.22
204002,2022-08-18,10190,8,51.46
205629,2022-04-18,10407,8,43.74
208417,2022-08-05,10154,5,44.99
204200,2022-09-17,10196,5,24.35
201997,2022-11-08,10466,10,83.84
208963,2022-11-16,10311,3,33.84
207422,2022-07-15,10262,7,38.51
204524,2022-04-05,10419,6,23.94
208625,2022-02-25,10406,1,20.79
203407,2022-02-01,10427,4,42.04
206731,2022-08-19,10143,6,36.92
207795,2022-01-09,10342,6,22.32
209057,2022-07-10,10316,3,16.13
202793,2022-12-27,10101,6,17.55
207334,2022-07-19,10244,10,60.22
202911,2022-11-30,10490,6,24.37
207952,2022-06-10,10012,9,27.95
202415,2022-03-28,10239,9,68.39
200250,2022-01-21,10049,2,18.9
204951,2022-11-07,10042,4,23.02
208098,2022-03-17,10166,9,22.55
205289,2022-05-21,10082,4,74.37
208102,2022-05-06,10429,8,89.72
207257,2022-09-08,10291,10,48.22
205565,2022-03-25,10158,3,48.99
206437,2022-02-17,10216,3,24.77
209110,2022-03-19,10490,9,87.68
201173,2022-01-30,10158,10,37.86
208624,2022-10-12,10462,8,50.73
200835,2022-05-16,10134,1,31.41
202262,2022-05-20,10067,10,28.96
209089,2022-02-10,10336,2,76.06
204567,2022-10-09,10007,3,43.37
203815,2022-02-19,10436,2,68.42
200246,2022-09-15,10014,3,37.62
202429,2022-11-07,10073,8,21.67
209182,2022-12-26,10399,6,24.74
209118,2022-09-27,10405,7,34.86
205287,2022-05-14,10163,10,24.21
202607,2022-08-22,10066,10,19.03
209266,2022-05-08,10347,6,60.38
205930,2022-04-14,10130,1,25.22
204022,2022-09-11,10419,3,35.48
204784,2022-04-05,10466,1,38.4
206617,2022-12-03,10206,10,24.68
203151,2022-08-05,10276,9,68.4
205580,2022-03-02,10466,9,18.94
207054,2022-09-25,10256,5,37.74
207706,2022-08-29,10266,4,37.45
207619,2022-01-13,10025,9,32.23
204573,2022-05-27,10450,9,17.31
203491,2022-08-28,10281,3,51.18
200706,2022-03-30,10253,5,48.03
206997,2022-04-05,10310,3,23.62
205233,2022-11-11,10289,10,47.17
208945,2022-10-20,10164,2,39.94
205755,2022-01-25,10095,1,17.46
206960,2022-09-29,10270,10,21.61
208779,2022-06-15,10321,2,58.51
201334,2022-09-07,10110,8,38.66
205588,2022-03-28,10336,8,24.97
201847,2022-05-22,10310,3,21.56
206851,2022-05-14,10238,7,25.59
207211,2022-10-06,10381,7,26.52
207865,2022-05-06,10436,2,21.69
203317,2022-11-12,10387,9,13.86
206811,2022-05-21,10483,3,58.56
200164,2022-12-22,10425,2,53.8
207060,2022-04-13,10390,3,17.52
203057,2022-08-14,10025,2,35.45
204428,2022-03-04,10141,8,21.09
200402,2022-10-21,10117,5,29.06
208605,2022-11-02,10482,3,27.87
208236,2022-09-11,10392,5,26.74
206349,2022-06-29,10405,8,90.15
204157,2022-02-09,10482,7,26.57
200867,2022-09-21,10452,6,22.11
208210,2022-07-08,10025,1,22.62
200364,2022-01-08,10079,10,55.81
207467,2022-04-14,10068,1,14.5
206571,2022-08-13,10173,1,22.62
200579,2022-02-03,10444,10,68.27
207674,2022-08-24,10012,8,37.41
208737,2022-08-16,10288,8,36.45
206468,2022-07-07,10128,7,96.17
204150,2022-11-09,10096,6,37.46
203039,2022-01-22,10092,4,23.24
204137,2022-12-09,10141,1,28.76
200452,2022-02-09,10031,9,18.77
206537,2022-06-22,10334,1,62.05
201381,2022-06-28,10020,4,44.14
208154,2022-03-27,10146,3,58.1
201467,2022-05-13,10477,7,60.73
202738,2022-12-17,10316,5,26.92
207572,2022-01-13,10447,5,20.65
209408,2022-01-28,10390,4,32.27
206747,2022-03-25,10160,1,21.4
200880,2022-11-14,10349,5,35.96
203149,2022-12-15,10043,4,58.33
208276,2022-12-09,10254,10,30.45
207892,2022-10-07,10130,8,35.69
204144,2022-12-20,10060,2,31.6
201168,2022-09-20,10151,8,49.47
203129,2022-06-15,10467,1,23.72
203645,2022-10-20,10287,4,11.04
202526,2022-03-09,10499,3,41.91
203516,2022-08-14,10005,5,54.27
203367,2022-06-19,10467,5,41.4
207338,2022-03-27,10418,5,24.04
203555,2022-05-13,10266,4,18.77
205111,2022-06-27,10345,8,42.4
206752,2022-12-09,10130,3,35.54
200445,2022-09-09,10382,4,31.1
206364,2022-01-15,10267,1,82.37
203626,2022-08-11,10178,7,20.63
204016,2022-07-20,10253,1,80.44
203875,2022-04-17,10415,2,33.65
205497,2022-09-07,10056,7,13.23
206238,2022-03-30,10463,1,30.28
200261,2022-05-05,10457,3,53.5
204992,2022-04-23,10471,6,27.59
204025,2022-05-17,10083,6,15.84
208283,2022-09-04,10393,6,30.5
204222,2022-06-15,10099,2,21.57
204175,2022-05-30,10149,2,42.35
209174,2022-12-29,10329,6,48.75
203443,2022-12-09,10156,10,19.53
205011,2022-03-09,10190,5,23.27
200693,2022-08-09,10494,7,48.34
208347,2022-09-28,10371,7,21.55
201812,2022-11-17,10263,5,19.28
205724,2022-11-06,10080,8,18.37
201407,2022-12-15,10400,10,39.49
208032,2022-01-20,10252,6,38.65
209408,2022-10-16,10097,5,23.52
201410,2022-04-10,10260,4,33.2
203497,2022-09-09,10260,7,71.06
204372,2022-03-18,10103,4,20.35
207394,2022-05-15,10040,5,12.48
200551,2022-06-22,10273,5,41.58
209368,2022-12-29,10101,1,31.34
204332,2022-07-20,10359,1,23.22
200997,2022-08-05,10380,3,45.88
204076,2022-07-27,10308,3,50.38
206099,2022-03-15,10221,2,10.98
205555,2022-01-11,10308,2,23.9
204052,2022-10-14,10420,6,105.5
205303,2022-09-13,10124,1,44.33
208118,2022-01-12,10422,6,46.43
206102,2022-03-19,10231,5,59.53
205490,2022-06-21,10178,6,33.4
208564,2022-04-06,10063,5,49.32
205616,2022-11-02,10485,7,47.42
202248,2022-09-30,10116,1,43.36
200848,2022-06-28,10191,3,28.19
206354,2022-03-05,10062,6,36.09
208695,2022-05-12,10256,1,24.68
208070,2022-12-09,10483,7,33.33
208894,2022-09-29,10007,4,18.46
203625,2022-11-15,10155,3,22.3
200314,2022-11-28,10092,10,28.76
202376,2022-12-07,10470,9,20.66
209232,2022-04-19,10014,1,25.73
204378,2022-09-30,10455,8,30.51
208449,2022-06-17,10229,1,40.49
200574,2022-06-29,10086,5,53.23
209744,2022-02-27,10133,10,26.26
205585,2022-03-20,10183,8,64.56
205492,2022-03-02,10386,6,52.95
208949,2022-05-01,10062,7,42.61
202810,2022-07-26,10219,8,35.76
208134,2022-02-03,10405,6,38.84
209296,2022-03-11,10246,6,59.95
205670,2022-01-17,10230,6,61.06
207715,2022-01-20,10079,5,64.55
206567,2022-11-11,10149,8,33.81
203459,2022-03-10,10138,2,43.71
206117,2022-08-03,10471,7,64.83
203992,2022-06-10,10314,4,24.24
207837,2022-04-12,10376,1,28.24
200203,2022-07-25,10423,5,33.38
202775,2022-05-25,10389,3,51.92
201992,2022-02-26,10065,4,52.33
202243,2022-03-24,10013,7,29.51
208498,2022-09-26,10213,5,15.58
201687,2022-07-06,10474,4,37.45
204109,2022-01-06,10242,1,20.92
201860,2022-12-19,10493,6,15.72
205176,2022-12-16,10213,10,17.6
200722,2022-04-20,10181,6,38.99
208971,2022-05-18,10338,7,65.4
208720,2022-02-20,10485,1,33.77
204893,2022-02-20,10173,4,36.81
200343,2022-03-28,10160,9,59.83
205398,2022-03-09,10164,10,15.3
208400,2022-03-25,10465,6,42.95
204736,2022-02-11,10483,2,32.92
203406,2022-08-07,10497,4,43.95
209503,2022-02-26,10188,6,26.0
200919,2022-08-14,10395,4,22.0
205819,2022-07-15,10191,10,35.53
202044,2022-09-05,10405,7,75.53
200418,2022-06-15,10308,3,50.93
201749,2022-03-03,10256,6,25.69
207378,2022-09-20,10183,4,16.94
201099,2022-04-22,10117,3,14.28
203392,2022-09-10,10282,3,63.95
202772,2022-07-18,10196,2,20.54
206784,2022-06-27,10034,3,28.14
201545,2022-01-26,10052,10,64.11
201070,2022-09-03,10112,1,14.78
206522,2022-01-19,10252,3,69.83
201850,2022-09-22,10082,9,29.17
205053,2022-11-13,10232,4,18.65
202939,2022-01-20,10227,3,29.26
207194,2022-04-16,10233,8,23.07
205851,2022-08-25,10221,1,41.28
206673,2022-11-02,10436,5,23.95
200678,2022-09-03,10413,1,12.73
200988,2022-03-22,10422,7,29.66
209799,2022-05-30,10042,5,16.81
201502,2022-01-10,10021,2,36.68
201789,2022-11-17,10042,1,18.29
205281,2022-08-12,10397,7,25.95
205027,2022-09-21,10113,1,36.28
201425,2022-05-29,10105,3,29.78
206654,2022-10-05,10192,6,37.53
202440,2022-10-01,10017,6,46.53
206856,2022-07-13,10120,7,18.56
207367,2022-06-21,10393,1,32.07
209470,2022-09-22,10425,7,6.27
202594,2022-11-06,10129,2,37.47
204689,2022-01-26,10130,6,28.49
202436,2022-12-16,10060,8,20.25
205517,2022-12-22,10048,5,38.78
209219,2022-01-26,10029,10,59.52
206310,2022-02-03,10097,3,26.1
203539,2022-09-21,10010,8,20.65
203483,2022-05-18,10242,8,35.96
207371,2022-10-31,10314,4,16.98
202241,2022-07-02,10444,8,23.8
206378,2022-12-29,10232,5,61.02
202765,2022-08-30,10277,5,34.16
209365,2022-02-23,10284,3,12.94
204911,2022-06-17,10203,7,13.48
200403,2022-04-29,10247,9,35.91
203382,2022-05-23,10290,9,50.97
204163,2022-03-22,10264,1,14.75
207630,2022-09-02,10443,1,41.47
200087,2022-12-18,10214,10,64.4
209350,2022-12-24,10200,5,85.11
205816,2022-03-03,10433,1,39.08
205470,2022-02-15,10079,4,42.67
206276,2022-03-28,10401,1,11.4
205739,2022-04-09,10444,2,94.62
204273,2022-10-22,10343,2,24.84
209573,2022-02-22,10344,4,20.76
206523,2022-07-11,10173,8,29.15
205003,2022-03-21,10467,2,70.52
208038,2022-01-16,10069,9,99.89
206606,2022-12-26,10416,9,35.26
202064,2022-11-22,10428,2,54.55
205315,2022-07-13,10449,1,33.84
200317,2022-05-21,10087,10,19.71
201502,2022-04-18,10101,10,69.29
206130,2022-10-30,10008,9,24.26
207419,2022-09-22,10333,2,71.36
202042,2022-10-17,10200,8,63.39
204598,2022-07-28,10087,3,45.02
200118,2022-06-14,10043,1,82.64
200709,2022-12-08,10385,1,101.11
203557,2022-11-16,10109,10,30.34
203250,2022-06-01,10435,2,22.1
208061,2022-10-17,10408,7,13.04
208609,2022-09-25,10483,6,101.73
202603,2022-05-31,10152,2,26.58
201101,2022-07-26,10017,4,58.41
204421,2022-09-12,10133,2,22.86
207857,2022-12-19,10148,1,71.46
208177,2022-05-21,10277,3,23.33
206082,2022-12-09,10232,4,18.25
206658,2022-12-24,10314,10,29.84
202261,2022-04-06,10415,5,25.38
208021,2022-08-15,10366,5,44.62
200508,2022-07-12,10228,7,32.28
202379,2022-10-30,10139,10,45.32
208879,2022-11-10,10436,8,28.63
204752,2022-04-28,10399,9,23.75
209484,2022-01-05,10211,7,24.74
205495,2022-12-18,10391,5,92.06
203209,2022-08-31,10499,9,37.06
207398,2022-01-21,10028,8,12.28
206743,2022-06-01,10051,10,25.53
205648,2022-05-08,10491,9,34.76
205171,2022-05-04,10442,10,83.32
207890,2022-05-26,10261,8,55.39
200324,2022-10-04,10261,6,20.89
203557,2022-11-06,10350,4,110.96
203587,2022-06-01,10352,9,32.6
200151,2022-12-26,10008,9,61.75
200954,2022-04-21,10320,10,18.59
204354,2022-04-26,10138,10,9.98
207160,2022-07-07,10038,9,16.38
209383,2022-02-26,10111,10,6.52
200687,2022-09-08,10480,3,95.21
208501,2022-05-30,10368,3,36.87
209694,2022-06-11,10220,6,20.86
203127,2022-04-30,10337,6,41.53
206763,2022-03-11,10223,6,36.4
203395,2022-12-17,10136,5,45.17
209005,2022-04-09,10256,5,60.63
200845,2022-06-16,10360,2,28.65
201164,2022-10-25,10409,7,21.33
205904,2022-05-31,10329,4,50.09
209959,2022-11-22,10450,3,49.46
205360,2022-01-02,10463,8,34.83
200354,2022-06-01,10434,4,98.37
201872,2022-12-31,10451,4,26.6
202024,2022-03-06,10049,8,21.12
202817,2022-11-22,10292,1,40.81
203832,2022-03-10,10382,9,23.63
208257,2022-05-01,10324,7,42.43
202581,2022-04-19,10078,2,21.83
209582,2022-11-12,10105,6,27.11
209322,2022-09-04,10169,8,85.24
202486,2022-04-03,10217,5,27.04
209026,2022-09-25,10378,6,22.21
208418,2022-04-13,10119,10,59.46
202443,2022-04-22,10190,8,19.58
208919,2022-11-17,10255,6,23.42
201036,2022-10-31,10370,9,44.18
208684,2022-12-10,10266,9,52.94
207435,2022-03-03,10149,9,60.96
201548,2022-10-27,10164,6,22.79
209335,2022-05-16,10140,9,44.61
205065,2022-02-24,10347,3,26.23
206496,2022-04-18,10488,5,24.46
206183,2022-10-30,10258,2,60.44
203957,2022-09-15,10374,8,25.16
203407,2022-09-10,10269,4,38.06
200639,2022-08-10,10181,6,35.79
200172,2022-06-16,10160,6,19.39
205666,2022-06-09,10351,5,53.68
204354,2022-06-15,10400,1,43.82
203959,2022-07-24,10288,7,12.27
208708,2022-09-24,10288,10,38.04
208714,2022-05-18,10380,8,22.5
202886,2022-12-12,10226,1,57.31
202164,2022-09-05,10011,10,16.08
203945,2022-02-24,10010,7,27.71
205235,2022-07-28,10271,4,39.69
207746,2022-01-17,10273,6,34.03
202590,2022-03-09,10424,9,48.5
207754,2022-05-13,10402,5,15.5
204934,2022-07-07,10183,8,75.64
204076,2022-11-04,10457,5,43.06
205185,2022-05-18,10153,2,65.36
201093,2022-06-23,10488,4,51.27
203880,2022-04-07,10315,2,32.92
206559,2022-06-20,10334,7,17.42
202785,2022-06-03,10124,7,24.98
206065,2022-07-02,10473,3,73.32
206539,2022-08-30,10114,7,66.2
201574,2022-10-31,10278,1,24.29
205676,2022-10-12,10500,1,8.09
208060,2022-01-27,10414,9,29.77
203990,2022-12-26,10468,6,28.68
205210,2022-03-01,10213,5,29.23
204845,2022-07-21,10172,6,43.13
209285,2022-09-07,10288,6,51.32
201189,2022-12-28,10435,1,54.33
202689,2022-03-10,10174,5,41.38
204095,2022-01-21,10113,9,13.46
201875,2022-06-01,10376,4,27.92
207768,2022-04-12,10405,3,104.8
203406,2022-04-05,10483,1,39.93
209979,2022-12-27,10122,2,39.8
203932,2022-08-17,10032,3,39.64
209799,2022-05-05,10222,4,40.76
208240,2022-09-15,10119,7,10.06
205408,2022-11-18,10039,6,29.38
203861,2022-08-24,10497,8,32.49
207406,2022-06-11,10268,9,62.85
202833,2022-02-11,10233,6,33.91
205285,2022-10-03,10431,7,14.54
209589,2022-12-19,10018,4,41.06
207645,2022-03-09,10149,2,22.16
209023,2022-06-22,10397,9,18.02
204777,2022-11-27,10149,9,21.82
202735,2022-05-05,10126,4,43.43
208273,2022-06-19,10392,3,62.14
208278,2022-02-16,10302,10,42.16
206368,2022-09-18,10360,6,45.42
200821,2022-08-05,10238,3,41.95
207525,2022-11-01,10135,1,34.84
200162,2022-05-04,10151,4,46.92
207777,2022-10-20,10236,1,9.88
201932,2022-06-11,10224,2,35.01
203535,2022-07-20,10203,3,19.64
205956,2022-10-02,10256,8,59.23
203446,2022-07-25,10086,10,30.77
202790,2022-02-09,10150,4,33.63
202707,2022-09-30,10235,4,15.6
207959,2022-07-07,10345,10,55.06
203933,2022-12-21,10022,9,45.32
203385,2022-04-03,10348,7,43.75
206636,2022-02-11,10285,2,22.05
200922,2022-04-17,10269,3,22.49
208089,2022-11-24,10466,4,37.03
209774,2022-03-06,10258,4,23.4
200564,2022-12-31,10029,10,41.16
203258,2022-11-05,10213,8,11.24
202500,2022-05-15,10463,10,25.95
204566,2022-01-24,10436,10,81.32
209179,2022-01-28,10283,6,41.25
206881,2022-03-03,10050,3,36.0
203636,2022-09-30,10095,9,89.35
206030,2022-08-17,10463,10,10.3
200223,2022-01-20,10499,8,22.03
206297,2022-01-03,10407,9,27.1
200350,2022-08-06,10088,5,50.87
207314,2022-11-03,10044,3,51.31
201928,2022-05-16,10461,4,21.48
207743,2022-01-03,10278,5,54.54
208540,2022-07-12,10171,9,27.07
204732,2022-03-14,10421,9,60.69
201017,2022-12-27,10189,3,19.76
202226,2022-04-28,10353,7,31.14
207206,2022-06-03,10184,6,25.92
207170,2022-07-28,10003,4,56.15
206207,2022-02-03,10191,5,25.5
202419,2022-05-17,10118,10,32.42
206240,2022-11-14,10019,2,42.67
201893,2022-04-30,10023,7,43.49
205322,2022-04-25,10413,4,51.6
207718,2022-01-13,10030,2,36.8
206878,2022-03-10,10295,6,26.87
201125,2022-11-29,10108,2,27.8
203117,2022-09-14,10367,10,33.54
204161,2022-03-30,10281,2,37.52
204042,2022-02-16,10128,7,30.77
204433,2022-09-17,10229,1,33.43
208638,2022-08-16,10111,7,15.51
202658,2022-06-29,10136,10,46.23
203483,2022-01-10,10362,5,36.25
202944,2022-10-11,10186,1,54.65
207210,2022-05-06,10144,6,33.12
207653,2022-05-14,10072,7,13.88
208787,2022-06-04,10129,1,27.68
201986,2022-09-05,10364,9,29.97
201074,2022-05-20,10261,7,48.01
204305,2022-11-14,10003,1,11.76
203007,2022-06-25,10449,3,33.8
200969,2022-11-19,10388,5,42.81
208772,2022-06-23,10104,4,23.79
202824,2022-03-15,10483,2,34.37
201211,2022-12-17,10224,1,24.2
200229,2022-05-23,10320,4,22.99
204284,2022-10-19,10362,7,27.0
203185,2022-04-22,10354,4,23.21
200501,2022-07-25,10491,9,46.61
200048,2022-05-11,10473,8,22.93
203566,2022-04-20,10010,8,21.08
203055,2022-03-08,10405,5,80.16
208880,2022-03-27,10384,1,53.54
200386,2022-10-02,10302,9,13.06
200969,2022-08-15,10231,2,22.59
209197,2022-11-21,10219,6,37.38
205820,2022-01-10,10411,10,38.93
203052,2022-12-21,10066,5,15.72
207397,2022-10-15,10425,10,59.1
202302,2022-04-22,10112,8,50.03
202283,2022-01-24,10013,3,42.14
209799,2022-10-18,10393,6,65.26
204366,2022-12-05,10500,6,41.52
200122,2022-11-22,10420,10,41.44
206799,2022-06-17,10086,3,72.16
209472,2022-04-19,10234,7,57.43
203727,2022-07-09,10090,4,21.74
208450,2022-12-21,10314,5,45.45
209139,2022-07-15,10054,9,23.76
204958,2022-02-02,10012,6,42.61
200524,2022-07-24,10209,10,42.03
209079,2022-11-08,10462,4,16.58
208399,2022-07-01,10014,8,31.16
200148,2022-05-27,10121,9,37.81
208001,2022-09-25,10418,10,26.63
200437,2022-01-11,10437,5,38.76
203749,2022-03-11,10377,2,49.55
208186,2022-09-13,10020,6,32.61
204453,2022-08-07,10075,8,37.05
205336,2022-10-24,10400,5,66.14
204551,2022-12-28,10243,1,41.96
202823,2022-09-16,10223,8,36.61
205728,2022-01-03,10070,9,20.51
208677,2022-03-25,10312,1,46.32
208391,2022-06-05,10211,8,39.06
201982,2022-05-31,10101,10,62.92
206996,2022-06-25,10186,2,33.9
209663,2022-07-14,10132,4,13.35
202311,2022-04-17,10111,2,14.15
207225,2022-05-14,10381,2,47.84
209713,2022-10-03,10132,10,24.9
200604,2022-12-18,10020,3,41.2
208175,2022-06-04,10394,8,35.06
205785,2022-10-04,10024,4,30.47
209609,2022-08-24,10227,7,31.56
204597,2022-08-28,10154,10,21.48
207759,2022-01-13,10293,3,32.86
207532,2022-12-08,10230,10,24.72
208740,2022-02-04,10469,3,27.49
200838,2022-02-16,10310,2,28.17
203815,2022-08-02,10488,6,29.57
200847,2022-05-26,10359,6,52.51
204709,2022-06-08,10405,1,31.03
204507,2022-05-05,10202,7,55.25
206575,2022-04-20,10038,4,71.44
204773,2022-02-06,10430,3,50.78
204468,2022-10-04,10260,8,43.26
205192,2022-01-14,10188,2,38.99
203320,2022-12-13,10057,9,51.04
204698,2022-08-20,10429,8,34.63
204311,2022-11-12,10020,8,54.18
203673,2022-05-04,10273,3,45.02
201564,2022-10-06,10119,4,27.66
201840,2022-04-21,10071,2,51.83
206058,2022-05-04,10004,2,34.67
207131,2022-01-30,10221,4,31.4
200726,2022-04-25,10014,6,26.1
209436,2022-03-31,10003,5,35.98
206697,2022-07-31,10216,1,54.5
209257,2022-02-07,10229,10,51.65
200282,2022-03-24,10336,1,39.52
201081,2022-01-27,10186,6,44.69
203885,2022-08-05,10055,3,62.54
202881,2022-12-26,10500,3,30.72
202970,2022-08-03,10388,7,18.96
209344,2022-08-09,10376,1,63.47
206985,2022-01-15,10254,1,25.41
200947,2022-09-16,10024,10,23.45
204760,2022-09-23,10162,3,13.49
209909,2022-04-30,10158,8,44.06
200066,2022-05-08,10082,1,14.72
208828,2022-07-30,10403,10,22.76
208505,2022-01-11,10159,4,44.44
200564,2022-06-25,10188,9,47.51
209793,2022-05-13,10060,4,23.91
209017,2022-11-21,10403,10,30.97
203670,2022-11-16,10305,8,21.41
209217,2022-01-14,10319,7,25.17
202251,2022-02-19,10366,3,37.83
200804,2022-03-13,10211,7,25.77
204631,2022-03-10,10406,7,29.31
209583,2022-01-16,10152,10,15.92
201235,2022-11-30,10109,3,58.35
206720,2022-12-23,10076,2,42.74
206906,2022-02-25,10030,9,49.23
206016,2022-04-15,10314,1,63.13
203549,2022-05-12,10486,7,21.92
207938,2022-02-17,10117,4,27.68
204141,2022-09-05,10415,2,12.84
206966,2022-09-30,10356,2,159.21
209546,2022-04-21,10192,8,30.73
205335,2022-11-22,10019,7,55.67
205077,2022-12-02,10432,7,17.83
205611,2022-12-15,10173,5,54.5
208089,2022-02-07,10228,10,83.83
202892,2022-12-23,10350,8,32.13
205577,2022-08-28,10183,2,19.98
203618,2022-11-14,10113,2,30.9
201559,2022-05-01,10183,5,10.88
206683,2022-02-17,10481,1,32.49
201507,2022-01-10,10146,6,49.92
202063,2022-08-21,10319,4,32.53
203642,2022-02-05,10116,6,28.73
202000,2022-01-04,10113,7,43.11
201294,2022-02-13,10251,3,44.79
204065,2022-02-25,10476,8,14.44
208014,2022-02-11,10251,7,34.62
209945,2022-09-12,10303,1,111.94
201603,2022-08-16,10459,6,16.99
201322,2022-04-24,10313,7,31.73
205956,2022-08-25,10118,4,87.43
202441,2022-06-23,10301,2,57.52
201098,2022-09-12,10161,10,25.62
205073,2022-10-04,10401,9,36.71
209697,2022-12-01,10198,7,33.08
209318,2022-03-10,10260,1,22.78
208488,2022-11-22,10148,8,31.91
203787,2022-08-18,10240,3,28.79
202096,2022-03-08,10047,4,35.04
202208,2022-10-31,10475,5,22.78
205988,2022-02-05,10399,1,17.49
200175,2022-06-08,10198,6,32.44
207169,2022-05-29,10047,10,78.07
206014,2022-01-27,10078,6,34.5
201667,2022-03-13,10124,2,28.06
208867,2022-09-05,10075,10,48.28
201823,2022-04-11,10359,6,30.6
205147,2022-07-09,10137,8,84.27
201356,2022-04-06,10090,6,33.05
203072,2022-10-09,10400,4,47.0
203259,2022-11-18,10325,4,22.71
206199,2022-10-05,10500,9,42.59
200546,2022-01-17,10061,6,38.0
205231,2022-09-20,10138,8,32.19
207965,2022-04-17,10050,8,25.77
202083,2022-03-09,10259,7,24.07
202040,2022-05-08,10461,3,38.14
204534,2022-10-20,10107,10,45.35
201752,2022-10-21,10113,1,31.08
209807,2022-04-06,10350,5,38.23
201849,2022-01-01,10254,10,32.49
202642,2022-10-25,10118,10,34.79
201600,2022-06-29,10493,2,29.96
204402,2022-06-30,10198,10,33.41
203799,2022-08-23,10337,2,127.62
200618,2022-11-15,10365,7,38.7
201132,2022-12-03,10051,3,45.73
205491,2022-01-08,10245,8,41.22
205795,2022-01-27,10403,9,29.04
207633,2022-11-04,10426,8,63.24
201487,2022-05-26,10035,6,28.63
207848,2022-04-01,10302,5,56.12
205009,2022-12-08,10410,3,28.02
209749,2022-09-29,10499,3,20.49
202113,2022-11-18,10069,7,39.75
201044,2022-01-05,10349,5,19.06
202431,2022-03-23,10320,6,43.29
207979,2022-08-07,10421,6,18.23
201582,2022-04-28,10468,9,28.23
201308,2022-03-22,10049,1,16.19
204917,2022-03-11,10405,8,135.92
208793,2022-04-25,10074,10,14.48
201620,2022-09-20,10192,5,33.28
207503,2022-11-02,10261,6,58.65
204766,2022-05-22,10356,6,55.6
205362,2022-07-26,10070,1,50.69
205192,2022-04-21,10090,3,28.26
206622,2022-10-30,10260,6,65.08
206093,2022-04-22,10126,9,52.28
206704,2022-02-12,10231,6,36.82
200100,2022-12-13,10295,6,37.35
206657,2022-10-12,10498,1,28.45
205875,2022-05-08,10419,9,21.01
204271,2022-07-04,10129,4,61.47
200237,2022-08-17,10280,2,63.82
207226,2022-08-09,10313,1,21.28
208032,2022-12-18,10100,3,30.66
205218,2022-04-27,10326,3,30.82
204025,2022-03-11,10297,5,32.58
206073,2022-03-11,10182,1,34.2
202542,2022-04-20,10174,7,53.17
201537,2022-05-12,10316,1,22.79
200754,2022-02-25,10364,4,21.69
207396,2022-03-30,10188,6,61.46
207823,2022-05-17,10057,1,26.28
205507,2022-05-11,10031,7,17.61
204235,2022-08-06,10084,10,25.98
200540,2022-06-25,10152,7,28.08
205510,2022-06-20,10473,3,72.06
208461,2022-04-10,10036,4,52.58
207926,2022-05-09,10213,6,58.78
205131,2022-02-26,10414,7,49.9
208697,2022-06-30,10408,4,53.15
201129,2022-09-03,10364,10,23.48
203145,2022-05-24,10106,9,29.99
208553,2022-02-20,10414,9,20.19
203720,2022-08-06,10342,9,29.81
209648,2022-04-14,10220,10,46.62
204067,2022-02-24,10391,6,35.42
204195,2022-09-14,10163,2,63.8
209873,2022-12-12,10439,2,18.71
209244,2022-06-05,10220,4,42.53
207281,2022-02-22,10270,9,17.74
202509,2022-11-25,10120,3,34.71
205016,2022-07-06,10394,6,47.95
206533,2022-12-30,10336,2,29.75
204727,2022-05-30,10400,1,43.62
200681,2022-09-21,10182,5,20.49
203932,2022-09-07,10479,8,14.41
205560,2022-10-25,10106,10,43.75
204016,2022-07-30,10217,10,79.2
207339,2022-01-25,10205,2,20.13
200719,2022-10-21,10070,10,61.01
200074,2022-12-07,10044,9,33.84
209485,2022-06-01,10329,8,16.98
204157,2022-01-24,10301,3,18.81
208511,2022-09-09,10228,1,33.38
202149,2022-03-01,10184,4,27.05
209644,2022-03-07,10107,8,17.18
209747,2022-02-22,10084,3,14.2
206713,2022-04-16,10338,10,21.69
204207,2022-04-06,10250,2,36.49
207141,2022-06-25,10363,7,33.01
208652,2022-02-08,10441,4,25.77
209078,2022-06-17,10021,6,36.63
203936,2022-02-11,10196,5,55.7
209307,2022-04-14,10178,2,40.33
201075,2022-11-29,10417,10,31.17
203876,2022-07-23,10475,2,52.67
204615,2022-01-08,10007,9,20.49
207265,2022-10-09,10070,10,29.59
206379,2022-02-12,10127,2,29.95
209118,2022-04-20,10399,8,17.84
204652,2022-07-29,10466,8,26.84
206792,2022-08-25,10160,1,11.73
209247,2022-12-22,10248,1,86.15
207456,2022-11-15,10203,4,20.72
204674,2022-02-18,10148,2,73.19
200541,2022-04-25,10472,1,33.75
202161,2022-06-04,10143,9,43.92
202251,2022-05-17,10432,3,25.94
209244,2022-06-16,10199,1,36.74
204569,2022-11-17,10405,2,45.84
202744,2022-07-18,10426,8,46.17
206041,2022-03-12,10154,5,48.78
204675,2022-01-07,10492,7,27.55
201560,2022-07-19,10376,6,26.04
201164,2022-12-02,10384,1,14.92
205419,2022-03-08,10142,6,43.02
202722,2022-05-18,10313,7,56.89
200470,2022-08-30,10165,4,74.29
209608,2022-08-01,10314,8,38.57
201468,2022-06-30,10021,8,22.57
207925,2022-09-11,10082,7,14.17
200808,2022-04-11,10069,2,55.75
208363,2022-12-17,10131,6,13.49
206719,2022-03-28,10087,6,27.93
205073,2022-07-04,10218,7,29.6
208012,2022-04-01,10421,6,31.99
201645,2022-09-05,10472,2,33.71
208249,2022-08-02,10305,8,35.48
201129,2022-12-25,10403,4,9.9
201353,2022-09-06,10371,9,33.36
200767,2022-05-06,10345,8,10.86
203895,2022-01-04,10341,3,47.76
208874,2022-03-29,10384,3,25.09
203454,2022-05-31,10396,8,11.26
207329,2022-06-25,10445,2,22.04
201790,2022-07-30,10425,9,24.9
209669,2022-09-16,10161,4,60.06
200885,2022-04-01,10178,6,36.54
207734,2022-09-16,10117,3,39.34
203906,2022-07-10,10196,3,59.78
204492,2022-03-22,10383,3,31.56
209730,2022-05-18,10490,10,48.28
202073,2022-12-16,10327,2,46.62
200312,2022-05-06,10086,8,17.41
206269,2022-12-22,10289,9,69.16
205317,2022-11-05,10081,8,16.28
200810,2022-12-09,10152,10,52.39
206841,2022-08-18,10061,3,15.51
202032,2022-12-11,10061,7,44.73
209699,2022-11-06,10354,10,84.01
207129,2022-01-20,10028,2,29.77
202705,2022-02-18,10442,4,29.13
208788,2022-05-15,10043,6,44.94
202147,2022-01-29,10169,5,28.09
200615,2022-02-17,10423,9,82.2
200947,2022-09-26,10086,10,36.46
205677,2022-01-03,10177,4,28.22
204651,2022-09-15,10017,5,25.28
207866,2022-01-16,10098,4,20.77
202013,2022-04-04,10454,8,24.19
203697,2022-12-24,10494,8,27.79
200490,2022-05-14,10198,3,25.95
204350,2022-10-28,10098,1,23.83
202428,2022-11-23,10065,6,94.58
204987,2022-05-13,10330,2,19.79
208733,2022-11-08,10341,2,35.63
209479,2022-02-01,10005,3,44.53
209825,2022-11-01,10002,8,45.38
204920,2022-09-26,10022,3,32.16
202926,2022-01-25,10112,7,29.36
209544,2022-11-12,10057,10,41.5
207282,2022-02-28,10066,10,37.84
204376,2022-08-01,10330,9,29.09
209490,2022-06-05,10098,8,15.17
204868,2022-11-10,10144,1,26.21
206986,2022-10-03,10368,7,18.67
206862,2022-07-29,10435,7,23.72
204423,2022-02-26,10125,8,33.67
206870,2022-07-04,10167,10,39.62
208159,2022-02-23,10086,5,80.66
202073,2022-07-28,10076,10,25.31
206170,2022-12-08,10344,9,48.78
200701,2022-10-20,10495,9,38.59
208113,2022-12-06,10424,8,63.31
206825,2022-10-31,10294,6,44.17
207867,2022-09-09,10444,6,20.0
204264,2022-10-31,10059,1,13.99
207968,2022-04-22,10138,6,38.69
208146,2022-01-06,10099,4,25.43
207776,2022-07-10,10192,4,20.28
208558,2022-11-30,10243,2,17.57
208719,2022-10-06,10319,4,35.89
204886,2022-12-06,10049,5,70.38
203935,2022-01-13,10448,5,27.0
204619,2022-10-30,10032,5,44.48
205191,2022-02-13,10391,4,31.46
206875,2022-04-15,10277,1,17.38
207856,2022-06-09,10020,10,47.82
205401,2022-06-03,10154,8,19.16
203022,2022-08-30,10383,3,33.48
205738,2022-06-30,10068,2,27.92
205984,2022-01-14,10366,9,51.76
201770,2022-06-29,10372,7,19.51
209969,2022-10-19,10214,9,40.26
208989,2022-09-21,10143,2,21.76
203215,2022-06-17,10376,9,25.65
206694,2022-08-02,10232,10,5.38
202976,2022-05-30,10213,9,94.26
203737,2022-01-16,10079,9,43.61
209903,2022-04-01,10214,10,22.56
200752,2022-04-30,10116,10,18.87
201392,2022-09-10,10092,4,25.85
206789,2022-03-01,10270,10,47.39
200677,2022-09-23,10411,3,12.86
200105,2022-01-31,10381,6,30.85
204753,2022-01-21,10489,3,80.26
201946,2022-08-07,10168,9,18.78
205544,2022-03-22,10058,3,34.47
201095,2022-10-16,10284,2,99.65
206985,2022-01-31,10026,8,45.43
201782,2022-08-22,10369,6,35.27
204541,2022-02-05,10447,8,42.66
203257,2022-05-12,10066,7,27.1
206213,2022-11-20,10409,3,63.42
204869,2022-12-12,10248,8,27.12
201561,2022-05-12,10254,10,12.43
204006,2022-01-09,10387,1,27.23
209867,2022-01-30,10456,1,20.42
209314,2022-04-25,10044,10,28.77
203981,2022-10-28,10097,8,29.09
209493,2022-01-04,10042,9,60.26
205682,2022-11-21,10500,10,46.88
205782,2022-08-25,10227,6,37.77
200943,2022-01-23,10262,5,33.07
204550,2022-01-16,10167,2,19.5
209137,2022-01-22,10436,9,11.13
200600,2022-03-13,10279,6,35.04
206376,2022-10-31,10089,8,49.27
209609,2022-08-18,10379,9,31.37
201524,2022-04-17,10178,9,25.34
203766,2022-07-27,10427,8,41.77
200250,2022-07-27,10403,10,31.76
209736,2022-09-20,10197,8,76.93
200078,2022-02-20,10307,3,61.34
203123,2022-03-06,10267,3,53.5
209089,2022-09-22,10268,2,48.37
207064,2022-12-04,10074,1,17.37
208417,2022-10-28,10008,4,46.13
201209,2022-06-24,10408,2,39.97
205153,2022-06-01,10476,2,44.85
204898,2022-09-23,10297,5,42.36
202178,2022-11-25,10164,4,41.53
207610,2022-10-31,10485,1,127.8
208895,2022-06-12,10085,9,31.88
202544,2022-12-09,10072,4,52.89
205522,2022-08-26,10055,5,26.17
202370,2022-07-18,10393,7,49.17
203281,2022-01-16,10047,2,52.97
204710,2022-11-05,10399,8,39.73
200328,2022-10-23,10432,2,76.3
205579,2022-12-22,10238,10,21.28
204228,2022-10-03,10104,5,25.96
206794,2022-08-27,10210,2,36.83
200120,2022-03-10,10042,2,51.44
206749,2022-10-28,10316,4,36.22
200964,2022-01-06,10468,4,62.98
204224,2022-08-08,10454,8,23.79
203675,2022-09-11,10268,6,18.72
205694,2022-10-22,10386,10,38.63
202076,2022-12-24,10263,8,31.86
206865,2022-04-17,10336,7,43.44
205643,2022-10-22,10387,10,32.66
208524,2022-04-28,10365,4,27.94
205249,2022-06-17,10259,2,31.9
201316,2022-09-08,10283,9,33.6
201196,2022-03-23,10114,2,28.43
203170,2022-02-23,10363,1,29.92
209621,2022-08-28,10040,8,27.06
200355,2022-01-12,10486,10,50.82
209718,2022-07-28,10417,9,36.49
200028,2022-06-14,10220,1,102.35
201013,2022-10-21,10129,7,35.89
209019,2022-01-07,10008,2,25.14
202024,2022-03-19,10101,6,125.88
208490,2022-03-06,10416,5,40.72
205839,2022-04-12,10380,1,54.33
205791,2022-12-23,10176,2,44.53
200754,2022-10-27,10107,2,45.22
208961,2022-10-14,10101,10,43.29
203735,2022-06-20,10260,10,19.09
201238,2022-03-18,10478,6,39.8
201906,2022-02-17,10454,1,17.07
207399,2022-09-12,10366,4,30.35
207961,2022-03-23,10246,10,23.04
209756,2022-07-28,10275,5,39.6
209410,2022-07-28,10032,2,39.14
204601,2022-03-25,10137,2,42.12
209549,2022-01-10,10012,7,38.23
201460,2022-01-29,10395,7,24.45
207669,2022-10-31,10302,6,29.06
201416,2022-04-26,10375,1,52.47
207766,2022-09-26,10016,3,56.48
201428,2022-02-16,10129,9,18.66
204378,2022-12-25,10063,10,15.4
207529,2022-04-01,10109,1,23.02
204474,2022-02-22,10375,2,55.85
203071,2022-08-06,10021,8,60.79
200555,2022-12-14,10158,7,20.86
208547,2022-03-18,10269,9,38.62
201563,2022-07-23,10162,10,82.87
201040,2022-02-13,10260,4,40.76
202686,2022-06-05,10412,4,67.41
202553,2022-01-02,10102,7,54.56
201779,2022-12-23,10223,1,21.01
200075,2022-11-09,10059,10,30.11
204326,2022-02-26,10247,9,33.7
205835,2022-10-17,10128,2,34.89
205057,2022-02-27,10283,1,52.36
202349,2022-09-11,10325,7,40.62
202773,2022-06-29,10025,6,7.63
202262,2022-06-06,10131,3,17.18
203229,2022-02-04,10353,1,11.09
200392,2022-03-16,10196,5,36.15
201108,2022-10-16,10281,10,37.35
204362,2022-03-16,10404,4,38.15
205188,2022-11-25,10418,5,20.5
208802,2022-03-19,10154,1,46.39
205057,2022-09-12,10382,1,47.38
203998,2022-09-22,10133,5,17.68
208864,2022-10-31,10227,6,15.91
206566,2022-03-08,10189,5,33.11
203677,2022-08-09,10476,2,81.12
205796,2022-06-13,10477,9,77.47
206363,2022-08-08,10265,5,43.89
208123,2022-06-21,10372,5,22.99
208222,2022-09-11,10486,10,51.59
207690,2022-07-29,10434,9,26.41
201400,2022-07-07,10134,3,22.56
204071,2022-07-10,10211,5,11.34
208808,2022-08-03,10060,5,34.85
202786,2022-03-27,10428,2,24.17
207169,2022-04-16,10377,4,34.75
200870,2022-11-28,10395,2,10.49
204196,2022-10-23,10450,5,36.05
209604,2022-01-19,10431,10,9.82
202739,2022-02-16,10364,2,57.05
200940,2022-03-06,10364,10,42.99
200340,2022-05-26,10457,9,28.81
207422,2022-10-13,10213,10,43.88
204133,2022-03-07,10216,6,20.31
200659,2022-01-05,10226,8,34.34
209752,2022-04-03,10470,9,49.27
203457,2022-12-19,10131,8,7.05
209848,2022-04-04,10076,5,26.48
202975,2022-04-16,10476,5,32.74
209241,2022-05-13,10286,6,30.02
200453,2022-12-07,10474,1,68.62
209896,2022-11-10,10496,8,18.88
208184,2022-03-20,10277,2,24.27
205442,2022-07-31,10156,6,12.71
200818,2022-01-08,10248,9,70.47
204868,2022-06-08,10218,3,29.28
200012,2022-09-25,10190,2,26.6
207727,2022-05-29,10417,10,32.26
200920,2022-12-16,10469,5,45.52
204920,2022-04-01,10163,9,39.4
202418,2022-08-24,10180,6,124.45
209506,2022-10-16,10034,8,41.55
206475,2022-12-22,10041,8,26.24
202017,2022-06-17,10307,7,25.01
207957,2022-07-12,10431,5,27.21
209420,2022-07-06,10338,2,15.63
204792,2022-09-28,10314,10,33.78
206830,2022-04-24,10075,10,49.0
202434,2022-01-11,10441,5,24.37
202868,2022-02-24,10279,7,22.12
201438,2022-09-15,10176,7,70.67
203543,2022-03-06,10384,2,16.23
201781,2022-06-21,10150,7,11.78
206343,2022-09-29,10273,6,18.61
202263,2022-05-30,10325,7,15.33
200211,2022-12-28,10108,8,40.17
208699,2022-05-26,10139,4,27.65
206159,2022-07-28,10350,1,29.67
207027,2022-10-13,10271,8,58.94
200331,2022-01-10,10347,8,23.44
206860,2022-08-15,10419,3,48.79
208044,2022-07-05,10289,3,70.5
208169,2022-03-03,10212,5,26.37
208742,2022-03-26,10381,3,47.87
205720,2022-05-14,10272,5,29.34
209133,2022-11-19,10418,8,52.56
200727,2022-10-24,10066,1,15.09
204975,2022-06-20,10483,2,14.54
203243,2022-08-01,10424,2,27.23
200648,2022-01-18,10248,4,21.23
205095,2022-11-10,10156,9,25.58
206614,2022-03-01,10047,2,29.67
207135,2022-03-29,10423,9,47.47
201009,2022-01-27,10454,7,27.01
201550,2022-03-09,10201,10,21.93
208995,2022-10-05,10148,8,27.78
207492,2022-02-09,10124,1,22.54
203401,2022-04-19,10001,5,20.76
207447,2022-03-15,10456,9,14.78
205424,2022-03-07,10247,4,34.29
204241,2022-06-17,10343,2,24.92
203161,2022-09-19,10128,6,53.69
204155,2022-10-01,10191,2,16.06
207478,2022-12-03,10067,3,25.25
208719,2022-12-24,10004,8,81.98
209215,2022-08-25,10442,3,20.7
206617,2022-08-03,10409,2,29.42
205660,2022-10-13,10303,6,18.03
208624,2022-05-29,10294,3,16.87
201176,2022-11-14,10143,1,71.78
207956,2022-04-17,10191,3,36.07
208592,2022-05-21,10021,6,35.4
202233,2022-03-17,10227,3,14.18
204700,2022-01-09,10313,9,39.62
205906,2022-07-15,10117,7,59.07
207860,2022-10-22,10437,5,58.84
207526,2022-10-07,10302,2,46.25
205559,2022-04-28,10500,9,18.83
206732,2022-10-17,10142,5,38.73
202513,2022-03-02,10484,7,46.24
207830,2022-12-01,10460,9,13.5
209965,2022-11-02,10401,4,18.9
206944,2022-02-20,10039,9,51.63
207910,2022-02-21,10393,1,51.32
205649,2022-05-02,10355,6,15.27
201096,2022-06-16,10252,2,49.28
209120,2022-01-08,10333,8,34.73
201951,2022-02-14,10207,5,48.94
209746,2022-12-10,10210,3,24.11
209186,2022-09-02,10115,2,45.72
207799,2022-10-11,10225,8,50.5
208804,2022-04-17,10134,7,27.78
200595,2022-01-27,10251,9,33.41
207875,2022-07-12,10219,8,23.94
209033,2022-12-03,10407,4,75.63
204439,2022-12-23,10443,2,31.18
205972,2022-03-03,10091,2,20.88
200858,2022-03-03,10354,2,23.15
205519,2022-10-09,10376,6,35.28
207385,2022-05-01,10046,7,48.26
208636,2022-10-07,10038,6,16.98
209980,2022-02-08,10142,2,83.42
204317,2022-10-04,10100,4,38.64
203454,2022-04-04,10328,3,41.81
201030,2022-04-25,10190,4,31.54
209487,2022-06-25,10035,5,33.44
207906,2022-05-01,10147,7,30.75
201447,2022-01-13,10030,9,55.09
202850,2022-06-12,10334,2,32.98
208106,2022-10-02,10084,8,48.6
207151,2022-06-25,10369,3,26.66
209503,2022-12-03,10281,9,36.52
206952,2022-11-20,10424,10,22.15
204055,2022-06-22,10344,4,60.84
205402,2022-10-02,10270,3,21.83
209281,2022-03-05,10154,10,28.15
201672,2022-04-11,10102,6,28.29
204532,2022-11-18,10215,10,27.74
204924,2022-03-07,10150,9,47.52
206085,2022-11-27,10432,7,28.27
207734,2022-02-14,10083,4,66.48
204864,2022-03-28,10110,3,21.99
209316,2022-03-08,10435,10,36.04
201221,2022-09-16,10387,4,22.47
202860,2022-07-24,10426,3,40.87
208428,2022-06-27,10275,3,32.85
209336,2022-10-07,10201,9,30.64
203253,2022-12-10,10284,4,59.99
203782,2022-01-17,10468,9,23.87
206957,2022-10-23,10173,10,44.4
200766,2022-07-21,10327,5,22.55
202681,2022-06-21,10206,7,35.03
207710,2022-09-19,10063,5,18.21
207482,2022-07-13,10073,1,23.78
205086,2022-05-29,10251,2,31.78
207964,2022-02-04,10124,5,82.05
202665,2022-01-29,10375,6,34.83
209951,2022-09-20,10121,7,75.74
203513,2022-08-09,10275,2,36.97
200495,2022-02-22,10431,10,27.29
205822,2022-10-06,10500,9,71.5
202072,2022-12-19,10398,6,41.2
207795,2022-03-17,10120,2,24.01
208529,2022-06-25,10422,2,41.9
203949,2022-01-10,10437,3,28.61
206033,2022-04-27,10317,1,12.25
208328,2022-10-07,10164,9,52.88
202555,2022-08-06,10424,10,57.25
206370,2022-06-24,10465,4,83.01
204415,2022-08-22,10286,5,40.9
205959,2022-09-09,10265,7,29.24
209107,2022-10-22,10320,1,50.27
205993,2022-11-18,10161,3,50.65
205021,2022-01-06,10376,3,75.12
202907,2022-01-21,10308,2,32.38
202914,2022-03-14,10089,8,30.48
203870,2022-11-26,10142,5,23.16
209190,2022-02-05,10203,1,43.33
205085,2022-08-21,10309,2,15.27
206546,2022-08-04,10227,1,48.82
200395,2022-07-25,10489,6,44.43
200938,2022-02-13,10443,9,44.37
209828,2022-04-01,10334,7,35.49
202510,2022-11-12,10222,5,71.27
204636,2022-04-03,10041,3,51.21
201649,2022-12-05,10196,8,24.45
203690,2022-03-24,10068,10,24.67
203435,2022-11-29,10476,4,21.33
203201,2022-10-09,10264,9,43.63
204179,2022-01-21,10002,5,20.08
208405,2022-08-16,10361,6,56.92
203237,2022-05-10,10125,5,64.17
203862,2022-06-24,10110,10,21.34
200058,2022-04-18,10086,7,30.18
204938,2022-10-10,10425,7,33.39
202971,2022-03-12,10120,1,51.52
209719,2022-02-19,10127,2,74.04
208314,2022-04-05,10255,7,14.26
209628,2022-10-06,10183,8,28.24
209354,2022-12-03,10016,4,28.99
203345,2022-05-12,10477,6,16.44
202486,2022-10-03,10062,10,25.98
200561,2022-01-13,10369,3,41.01
203981,2022-01-03,10432,7,28.81
206261,2022-08-12,10158,3,15.3
201737,2022-06-24,10268,7,139.36
209096,2022-03-31,10035,8,37.83
203554,2022-08-29,10267,3,35.02
209918,2022-02-04,10064,2,19.13
209126,2022-01-14,10494,6,37.73
207095,2022-07-14,10050,4,30.51
208266,2022-11-02,10469,8,12.88
200294,2022-11-30,10255,2,19.39
208212,2022-08-01,10149,4,49.28
209230,2022-01-03,10325,2,87.53
205330,2022-06-28,10304,2,39.79
204655,2022-02-09,10276,2,57.49
201109,2022-06-13,10357,1,30.63
203771,2022-11-03,10451,4,31.71
208563,2022-08-23,10172,2,57.14
206123,2022-09-14,10417,9,76.05
207647,2022-12-26,10201,9,63.47
201174,2022-04-26,10445,7,19.43
201164,2022-02-21,10393,6,32.03
209284,2022-05-22,10324,3,38.04
209475,2022-03-27,10035,7,29.08
209037,2022-02-15,10465,1,40.2
208712,2022-11-28,10482,9,49.91
204466,2022-08-26,10216,4,54.67
205538,2022-01-10,10480,6,76.93
207111,2022-06-01,10065,6,28.09
208434,2022-03-02,10008,3,16.74
202800,2022-01-18,10301,4,39.61
204607,2022-03-27,10343,10,84.94
207262,2022-05-17,10431,3,26.09
201541,2022-08-18,10424,6,46.69
202765,2022-05-08,10332,1,46.89
204491,2022-04-14,10438,8,36.44
203083,2022-07-05,10076,8,33.23
205356,2022-06-27,10174,9,20.87
201857,2022-12-23,10047,6,10.58
200769,2022-01-06,10015,1,18.99
201422,2022-12-07,10361,3,27.24
208598,2022-11-03,10147,1,57.32
202972,2022-02-05,10026,5,31.45
201872,2022-11-23,10308,3,25.55
205599,2022-12-22,10093,2,21.21
202269,2022-10-08,10406,3,45.99
205275,2022-10-27,10232,9,65.31
204749,2022-01-14,10021,8,56.36
206571,2022-08-25,10307,3,44.84
209373,2022-10-12,10038,2,15.83
205072,2022-11-26,10276,5,27.78
209631,2022-02-19,10157,1,87.68
205463,2022-09-18,10179,4,58.03
207450,2022-04-20,10132,8,15.35
208420,2022-07-16,10311,1,32.21
203959,2022-09-09,10455,5,39.71
201313,2022-03-29,10348,4,22.62
207847,2022-11-09,10028,6,10.44
201070,2022-01-26,10260,7,34.79
209166,2022-09-19,10406,9,22.33
209930,2022-05-24,10076,1,22.38
203285,2022-03-01,10429,10,27.73
208949,2022-12-22,10067,4,30.97
203095,2022-09-25,10342,6,32.97
200320,2022-03-16,10492,10,21.29
202321,2022-01-03,10194,7,29.66
200555,2022-03-04,10472,7,13.75
204939,2022-08-24,10162,8,38.69
205432,2022-08-17,10347,10,7.94
201386,2022-10-02,10439,8,28.65
204763,2022-01-18,10361,8,52.44
206854,2022-03-21,10257,8,19.5
207637,2022-08-03,10072,8,47.38
204841,2022-06-20,10087,6,59.02
203867,2022-11-25,10422,9,6.33
203793,2022-09-12,10262,3,30.7
207373,2022-05-06,10214,6,7.86
202513,2022-09-12,10153,5,31.21
203803,2022-03-13,10210,8,33.0
202327,2022-02-07,10401,4,9.57
208809,2022-11-20,10061,4,86.7
202165,2022-07-23,10268,10,38.21
203308,2022-06-21,10262,10,21.66
206452,2022-08-11,10218,5,68.9
208067,2022-08-05,10283,6,13.49
207642,2022-09-02,10136,4,17.91
206404,2022-12-02,10467,2,10.49
200992,2022-07-10,10380,2,81.49
205424,2022-10-25,10362,3,39.1
209569,2022-11-16,10449,2,46.05
204381,2022-07-01,10441,1,38.49
203174,2022-11-30,10093,8,44.12
204782,2022-07-24,10109,5,34.43
209497,2022-12-27,10241,10,37.92
205560,2022-07-18,10355,1,34.95
207460,2022-11-28,10424,9,24.43
203078,2022-06-14,10142,8,32.35
202983,2022-08-30,10291,4,37.97
207259,2022-05-10,10432,8,35.0
206054,2022-08-15,10237,10,15.82
202523,2022-05-02,10340,7,16.9
209677,2022-02-13,10312,7,56.91
204581,2022-07-15,10177,1,28.4
205609,2022-12-24,10141,6,44.36
202001,2022-07-23,10189,4,19.18
201387,2022-11-14,10486,10,15.85
206552,2022-09-14,10049,10,21.72
201030,2022-01-17,10302,10,29.63
209957,2022-09-29,10369,2,23.75
201220,2022-01-09,10190,10,63.24
206035,2022-09-06,10136,7,36.23
209810,2022-07-20,10043,9,83.47
209455,2022-02-28,10404,5,40.54
206523,2022-05-20,10380,8,9.91
208074,2022-04-29,10353,5,56.15
209063,2022-02-10,10090,7,15.57
200834,2022-11-18,10295,7,37.16
209110,2022-11-27,10341,9,22.48
201724,2022-09-24,10245,3,96.68
206598,2022-01-08,10433,1,68.02
202413,2022-07-02,10192,2,22.85
209505,2022-05-14,10318,6,31.07
205993,2022-06-30,10106,10,37.42
204498,2022-12-21,10363,10,50.99
202105,2022-03-13,10310,9,33.6
202568,2022-04-23,10382,3,19.84
209330,2022-04-17,10233,10,23.13
200209,2022-10-17,10265,2,33.04
209256,2022-11-09,10344,1,61.39
204911,2022-04-27,10037,2,41.01
202220,2022-04-30,10305,3,22.49
200233,2022-05-27,10041,7,45.8
200792,2022-11-23,10017,2,27.29
203110,2022-07-29,10344,5,51.69
202166,2022-10-23,10277,2,117.16
208526,2022-04-13,10307,7,27.68
209551,2022-05-04,10059,10,49.44
205193,2022-09-02,10423,8,22.81
201214,2022-12-22,10183,8,31.31
204419,2022-07-28,10041,8,33.61
207314,2022-11-10,10039,10,30.06
208475,2022-04-19,10397,9,113.47
200212,2022-12-14,10192,1,28.41
201658,2022-02-19,10267,1,44.41
205024,2022-04-15,10494,10,12.62
209609,2022-01-27,10147,2,41.1
205917,2022-10-15,10395,6,58.62
205141,2022-09-14,10333,1,25.44
201794,2022-09-30,10127,5,9.44
205988,2022-05-17,10046,5,32.48
208296,2022-12-06,10045,4,33.4
205578,2022-10-28,10001,5,47.56
205551,2022-11-18,10168,1,90.51
203845,2022-02-01,10108,6,27.38
206906,2022-02-14,10019,7,21.58
200378,2022-09-22,10332,8,18.48
203293,2022-01-30,10072,2,36.56
203329,2022-03-25,10456,7,42.08
204808,2022-06-15,10445,6,25.21
207937,2022-11-12,10109,9,48.88
200224,2022-01-01,10268,8,41.79
200737,2022-09-06,10445,4,33.84
200235,2022-09-18,10240,9,21.09
200711,2022-03-04,10417,1,26.03
205988,2022-06-13,10301,6,9.83
201888,2022-11-17,10090,8,37.26
207173,2022-11-30,10103,4,33.55
201259,2022-07-20,10476,2,36.39
205246,2022-08-10,10250,2,42.61
207271,2022-06-01,10453,10,40.16
200748,2022-05-12,10008,1,31.34
203551,2022-04-24,10153,5,33.93
206400,2022-08-05,10347,6,16.41
206643,2022-07-15,10174,4,24.73
208701,2022-10-08,10343,4,33.96
201823,2022-07-21,10158,5,22.92
206852,2022-05-15,10493,5,50.91
207777,2022-08-22,10431,9,23.82
204232,2022-05-21,10215,8,36.9
206519,2022-07-15,10177,9,35.1
201777,2022-02-12,10175,3,48.09
201222,2022-02-26,10340,3,51.96
207630,2022-05-22,10338,1,46.85
201777,2022-07-29,10146,10,11.55
209496,2022-03-13,10450,6,60.16
207490,2022-08-12,10324,4,71.07
204859,2022-01-27,10478,8,26.02
208893,2022-05-08,10161,2,37.28
208118,2022-04-16,10127,2,21.21
202989,2022-06-14,10420,7,12.5
208343,2022-08-03,10082,5,22.89
201325,2022-03-12,10485,1,25.28
209493,2022-07-23,10147,7,27.73
209903,2022-06-02,10239,7,20.5
205127,2022-03-08,10412,10,22.95
208998,2022-03-31,10424,6,32.93
202722,2022-09-17,10084,4,22.53
204656,2022-12-28,10113,8,43.46
201325,2022-08-16,10225,2,46.56
204133,2022-03-20,10332,2,108.87
209351,2022-04-06,10378,2,58.14
202869,2022-12-15,10243,3,37.4
201242,2022-11-26,10143,6,24.29
208539,2022-09-03,10041,1,38.35
201831,2022-09-29,10423,2,38.99
201569,2022-06-06,10258,10,25.62
207246,2022-04-26,10447,2,49.0
201918,2022-01-18,10285,1,16.46
206416,2022-06-21,10105,3,29.31
203232,2022-01-16,10202,10,43.73
203758,2022-08-28,10450,7,28.68
205997,2022-02-25,10307,1,29.86
202355,2022-03-20,10331,7,30.91
209589,2022-04-13,10461,5,21.81
201824,2022-10-11,10266,9,59.56
207280,2022-07-12,10398,2,19.91
204060,2022-01-05,10210,1,38.83
205324,2022-04-16,10051,9,40.72
200404,2022-10-05,10118,8,20.61
201721,2022-04-10,10201,10,34.35
205316,2022-08-26,10377,6,21.01
203845,2022-09-26,10039,5,66.39
204210,2022-11-17,10028,8,18.74
200064,2022-03-27,10259,8,23.88
209491,2022-11-16,10084,5,17.96
206382,2022-02-01,10454,7,16.8
209607,2022-12-02,10155,1,73.38
200968,2022-02-20,10117,4,43.44
200368,2022-03-20,10002,2,35.52
208424,2022-07-05,10093,10,23.85
202242,2022-06-23,10166,3,52.13
205002,2022-04-16,10387,1,21.93
203083,2022-03-04,10400,2,49.25
208073,2022-03-17,10350,1,21.41
209112,2022-11-12,10296,8,23.99
208880,2022-11-17,10258,4,48.38
201469,2022-03-22,10081,3,51.0
204725,2022-12-27,10425,1,44.64
204259,2022-05-08,10268,2,19.59
203622,2022-07-02,10419,3,26.49
200823,2022-08-31,10235,3,35.82
203431,2022-07-04,10321,6,21.66
206528,2022-08-08,10311,10,65.73
204151,2022-03-12,10301,8,9.96
204213,2022-12-08,10463,6,22.44
207420,2022-06-03,10474,2,25.67
208989,2022-09-02,10357,2,7.99
200779,2022-05-20,10213,7,16.48
202892,2022-03-12,10062,1,45.27
205534,2022-02-15,10049,1,33.62
203306,2022-02-16,10127,7,72.72
202902,2022-03-20,10223,9,71.71
203718,2022-05-29,10409,5,41.12
200021,2022-05-10,10279,1,38.73
201500,2022-05-07,10408,5,34.23
209034,2022-12-31,10294,1,8.78
209952,2022-04-29,10284,10,16.49
203641,2022-12-23,10277,9,34.83
205212,2022-09-19,10438,4,45.06
200191,2022-09-01,10107,9,38.28
208587,2022-04-13,10146,2,21.2
207174,2022-02-06,10420,7,52.92
205114,2022-05-22,10099,2,69.49
204662,2022-02-06,10429,4,52.93
204326,2022-01-08,10375,6,54.31
209065,2022-08-19,10073,2,25.04
204335,2022-11-29,10437,2,56.71
208281,2022-10-23,10486,2,35.62
208648,2022-04-17,10122,3,42.77
209196,2022-12-14,10030,5,39.75
205494,2022-01-18,10188,9,31.16
208536,2022-11-09,10364,6,21.54
202711,2022-03-24,10354,9,31.78
207595,2022-10-15,10288,10,54.24
206273,2022-07-13,10451,5,26.56
206284,2022-08-03,10195,6,51.76
209308,2022-10-08,10156,10,47.87
208817,2022-08-08,10172,8,28.52
203994,2022-10-16,10335,3,66.31
201678,2022-12-10,10041,2,27.72
208414,2022-07-13,10063,3,70.44
200743,2022-06-07,10023,9,41.14
200462,2022-04-14,10360,6,32.85
201568,2022-02-03,10075,10,21.24
201736,2022-04-12,10048,4,31.69
207903,2022-05-07,10160,10,29.91
207002,2022-08-02,10313,3,17.65
208856,2022-11-21,10118,2,29.7
201356,2022-10-23,10100,4,22.16
201014,2022-06-28,10380,9,44.39
201054,2022-03-21,10417,4,63.63
201764,2022-05-21,10408,5,17.93
206009,2022-01-31,10167,8,77.96
204458,2022-03-04,10290,2,31.05
209604,2022-02-17,10440,3,20.34
200667,2022-03-28,10156,6,48.37
203370,2022-10-31,10421,7,26.49
205976,2022-03-02,10007,4,31.79
201394,2022-11-30,10196,1,27.05
208290,2022-10-01,10421,7,22.01
204070,2022-10-11,10056,9,47.56
206982,2022-03-21,10321,1,28.7
208613,2022-06-29,10193,1,16.15
205599,2022-09-29,10047,1,43.62
203650,2022-03-18,10148,10,18.12
209324,2022-08-09,10275,7,18.6
209894,2022-10-09,10157,9,60.12
203620,2022-01-28,10202,3,18.21
203190,2022-12-27,10444,8,10.4
208789,2022-03-18,10402,9,45.22
200391,2022-06-13,10476,3,28.45
201075,2022-01-09,10419,3,29.7
202650,2022-06-24,10427,1,28.3
202384,2022-11-03,10495,2,37.18
200809,2022-03-17,10479,7,22.73
208047,2022-09-02,10475,3,69.27
205501,2022-05-02,10126,7,15.83
206895,2022-07-04,10395,5,41.37
201159,2022-02-01,10305,10,45.65
207574,2022-09-07,10369,8,22.65
201531,2022-02-26,10294,5,19.85
205481,2022-11-06,10064,3,55.07
207548,2022-05-24,10325,9,20.18
204976,2022-11-14,10392,7,24.45
205695,2022-03-25,10418,5,51.61
208445,2022-02-25,10176,7,33.7
203548,2022-10-06,10116,10,13.48
206163,2022-09-30,10440,9,79.32
206671,2022-06-15,10204,5,25.41
205264,2022-06-07,10486,7,27.08
201231,2022-09-06,10321,9,37.63
202423,2022-07-05,10031,1,45.27
208071,2022-03-19,10388,4,88.28
204261,2022-01-22,10113,1,14.44
209765,2022-04-18,10365,8,50.05
202908,2022-09-30,10434,3,48.01
204712,2022-09-09,10325,2,30.92
206755,2022-01-15,10414,4,49.09
209817,2022-10-31,10376,3,52.83
203883,2022-06-09,10344,5,16.59
203515,2022-07-24,10443,8,79.43
203403,2022-04-23,10067,10,15.19
204598,2022-06-17,10075,8,18.77
205008,2022-12-19,10045,7,29.05
206222,2022-09-10,10260,8,86.7
204009,2022-07-05,10154,5,28.39
202735,2022-12-13,10155,10,32.59
204491,2022-08-15,10430,10,67.76
208593,2022-01-16,10363,6,28.5
200974,2022-06-05,10448,8,18.37
200223,2022-12-20,10475,1,26.88
204613,2022-04-21,10234,6,65.72
206777,2022-01-01,10051,6,34.31
208427,2022-02-10,10306,5,86.95
204211,2022-02-17,10262,4,47.89
200225,2022-04-18,10315,1,23.99
208183,2022-06-10,10125,10,33.97
204277,2022-06-10,10399,8,21.62
201341,2022-12-25,10245,6,23.71
204036,2022-05-08,10030,3,310.92
208401,2022-07-29,10426,3,55.11
203727,2022-05-31,10485,6,50.93
203928,2022-09-12,10122,7,24.25
202803,2022-08-06,10125,8,72.59
209301,2022-01-30,10037,5,57.38
206558,2022-02-14,10170,10,84.84
200393,2022-03-21,10124,6,82.81
206839,2022-02-08,10357,1,15.81
209035,2022-08-28,10035,6,19.01
209716,2022-02-14,10087,9,20.05
208795,2022-03-19,10134,10,20.66
200581,2022-12-03,10196,4,38.93
200132,2022-12-15,10274,10,24.94
202838,2022-10-15,10201,1,93.34
203385,2022-10-07,10369,9,85.83
203770,2022-04-26,10285,4,33.01
202268,2022-09-26,10077,2,88.03
200975,2022-12-01,10059,1,69.69
207605,2022-11-08,10431,3,26.43
207213,2022-02-22,10126,7,12.13
209735,2022-03-09,10500,10,29.7
202835,2022-07-01,10401,2,23.99
202738,2022-02-03,10109,9,36.72
209549,2022-10-11,10224,2,34.63
204134,2022-11-02,10496,5,34.18
209508,2022-09-06,10278,8,43.03
206833,2022-04-21,10068,10,18.06
208353,2022-04-04,10069,8,40.68
201909,2022-06-28,10165,3,26.58
209319,2022-02-16,10489,2,36.6
209850,2022-10-09,10305,9,53.45
201963,2022-12-06,10397,3,17.95
205153,2022-12-28,10162,8,28.77
200966,2022-04-02,10365,2,31.21
200889,2022-07-31,10342,3,25.61
203061,2022-03-16,10309,1,51.93
206461,2022-07-21,10379,6,23.1
206166,2022-10-24,10343,7,25.09
206967,2022-11-04,10435,4,23.22
209858,2022-07-30,10387,1,57.17
208101,2022-12-04,10042,3,25.89
207379,2022-05-14,10354,9,41.68
209633,2022-11-26,10416,5,88.93
207280,2022-03-07,10109,6,31.9
201067,2022-10-07,10051,4,57.74
204223,2022-01-28,10250,1,76.38
209018,2022-04-27,10497,5,55.35
204607,2022-11-13,10341,5,32.84
203985,2022-11-21,10430,5,45.65
203179,2022-04-24,10383,6,17.4
204538,2022-03-16,10492,2,22.42
202362,2022-07-21,10021,1,24.48
202224,2022-02-28,10300,2,101.53
206371,2022-01-15,10139,10,22.06
201726,2022-08-19,10359,6,21.9
205791,2022-04-15,10324,5,19.65
208073,2022-06-14,10499,5,43.81
208458,2022-07-18,10385,6,35.56
207013,2022-12-20,10092,10,57.02
200837,2022-02-04,10447,7,46.32
204584,2022-06-11,10280,9,16.61
200686,2022-09-02,10125,7,22.12
200356,2022-10-14,10483,2,65.54
209063,2022-01-19,10397,6,29.91
204647,2022-10-07,10111,9,59.97
204418,2022-12-06,10354,7,30.73
206642,2022-12-14,10139,2,20.41
203391,2022-07-01,10484,3,28.46
204357,2022-05-27,10435,8,20.41
204879,2022-06-25,10273,9,24.96
205319,2022-06-12,10099,4,36.62
202739,2022-06-24,10252,9,42.77
209510,2022-02-16,10338,2,14.95
209727,2022-09-13,10104,5,32.83
204784,2022-06-23,10214,2,24.7
209964,2022-04-13,10249,1,23.95
200877,2022-05-01,10152,5,35.39
202870,2022-12-16,10250,2,25.15
200292,2022-05-25,10275,7,66.09
209843,2022-02-11,10165,8,59.98
208728,2022-01-29,10487,2,59.79
202686,2022-09-30,10341,7,25.86
200233,2022-01-14,10008,4,20.47
202374,2022-11-02,10284,1,34.5
202272,2022-11-09,10005,3,30.72
200966,2022-07-08,10145,1,24.42
200889,2022-12-26,10101,5,18.4
203863,2022-10-22,10164,8,32.44
206154,2022-07-02,10374,1,27.06
203400,2022-12-18,10147,9,46.72
208226,2022-02-05,10064,3,46.18
204542,2022-02-06,10091,5,57.42
203523,2022-01-14,10117,9,17.64
201763,2022-05-03,10354,5,40.47
203291,2022-03-24,10267,9,23.02
202488,2022-06-08,10310,10,17.99
201558,2022-11-25,10173,8,26.73
204690,2022-04-12,10047,7,56.51
206121,2022-12-03,10140,1,27.49
202276,2022-03-24,10246,4,72.44
204439,2022-02-13,10149,9,43.57
201103,2022-03-09,10246,10,27.19
207520,2022-02-17,10395,8,59.15
209611,2022-02-26,10487,4,41.38
205409,2022-03-16,10476,1,20.77
209670,2022-01-22,10005,10,83.88
207869,2022-05-12,10465,4,37.7
202956,2022-10-29,10184,3,33.43
207710,2022-09-24,10020,6,21.59
206017,2022-10-14,10425,5,59.73
209574,2022-04-30,10046,5,42.89
203384,2022-09-03,10012,2,45.36
209761,2022-02-25,10070,3,25.69
200028,2022-02-07,10017,6,50.25
208897,2022-09-02,10371,2,52.24
209212,2022-01-21,10147,4,23.7
209638,2022-04-20,10154,2,16.31
207756,2022-04-04,10304,9,44.29
206948,2022-05-16,10108,3,15.08
205755,2022-08-19,10236,10,35.73
203602,2022-01-08,10308,10,26.48
205062,2022-11-24,10352,6,60.91
208071,2022-10-17,10070,1,27.21
207244,2022-09-08,10183,10,57.61
206372,2022-12-27,10250,3,25.61
207105,2022-03-28,10228,8,54.6
203581,2022-07-23,10102,5,92.77
202762,2022-08-07,10075,8,19.41
200572,2022-08-29,10417,2,38.32
207705,2022-11-16,10446,7,130.89
200614,2022-09-15,10216,9,34.24
204050,2022-04-19,10407,7,34.15
200325,2022-09-13,10399,3,49.12
203740,2022-10-09,10411,7,33.8
200358,2022-08-08,10203,8,14.1
203777,2022-03-24,10192,1,58.33
205906,2022-04-17,10249,3,12.16
201721,2022-03-10,10499,5,26.89
201349,2022-04-07,10242,6,60.56
203696,2022-07-31,10465,3,27.71
203896,2022-10-13,10179,4,23.41
204260,2022-08-25,10437,5,51.4
209788,2022-01-08,10462,3,21.64
209819,2022-10-21,10219,4,17.97
206941,2022-07-08,10082,5,37.99
203808,2022-03-22,10092,2,30.22
205246,2022-04-18,10435,10,17.78
208384,2022-11-17,10175,9,45.53
203845,2022-03-08,10239,10,41.77
202577,2022-06-23,10260,8,27.66
200091,2022-12-12,10391,6,28.63
204234,2022-12-17,10365,10,41.9
208672,2022-11-24,10163,3,60.05
206592,2022-02-12,10048,2,28.75
208128,2022-07-06,10329,7,45.94
201075,2022-10-29,10328,8,43.93
202513,2022-07-19,10116,10,51.4
208168,2022-02-08,10429,1,33.77
206861,2022-08-08,10337,6,20.99
208990,2022-11-03,10337,7,26.28
200604,2022-01-04,10369,9,39.31
202979,2022-05-01,10225,3,82.21
207140,2022-12-02,10352,2,26.0
207065,2022-03-18,10328,5,49.52
204916,2022-06-28,10147,10,28.11
206800,2022-05-13,10063,1,35.0
200597,2022-11-07,10294,6,70.65
209724,2022-08-17,10323,9,48.53
207320,2022-10-03,10443,10,17.8
208705,2022-06-01,10325,9,24.87
205622,2022-06-13,10013,7,62.06
201877,2022-10-17,10431,7,35.55
201699,2022-04-19,10494,8,18.65
209221,2022-05-06,10189,10,21.99
205780,2022-08-28,10287,2,47.08
200716,2022-11-06,10208,6,54.45
204086,2022-12-11,10114,5,33.41
200665,2022-05-26,10480,5,114.17
207846,2022-09-09,10022,3,50.0
206611,2022-07-02,10349,3,29.32
201079,2022-11-05,10214,6,22.02
208419,2022-11-02,10171,10,20.34
208340,2022-03-13,10323,10,39.16
201069,2022-08-07,10054,7,25.94
205263,2022-07-26,10394,1,76.47
207951,2022-06-22,10298,3,68.93
201363,2022-05-21,10320,1,45.45
204508,2022-09-29,10126,10,18.37
201755,2022-08-02,10277,3,23.66
200519,2022-09-26,10464,5,62.04
205463,2022-01-20,10204,9,24.99
207233,2022-03-07,10194,3,58.04
201102,2022-10-30,10169,10,41.98
200597,2022-05-27,10152,10,33.98
203273,2022-06-14,10035,9,23.3
205781,2022-11-06,10184,1,31.59
206256,2022-01-06,10286,6,36.41
207258,2022-01-14,10057,9,55.49
208780,2022-05-12,10222,5,21.27
206554,2022-12-08,10303,10,29.04
209599,2022-08-31,10163,2,33.87
208002,2022-08-19,10019,5,46.12
204846,2022-08-16,10370,1,21.03
209821,2022-06-11,10264,9,17.15
209186,2022-10-10,10282,10,46.39
204798,2022-09-20,10113,10,15.5
206605,2022-05-11,10488,9,62.96
202986,2022-08-13,10327,6,30.63
200400,2022-09-15,10030,9,15.28
202855,2022-08-22,10135,3,26.04
203412,2022-12-02,10067,4,40.03
200056,2022-11-12,10065,6,25.37
208022,2022-01-24,10292,4,33.45
201875,2022-09-28,10025,1,47.94
204543,2022-04-05,10037,7,29.93
204298,2022-05-22,10001,5,20.73
203768,2022-07-01,10399,8,28.52
205752,2022-07-25,10037,9,67.18
204833,2022-03-22,10141,5,76.9
201353,2022-10-01,10232,8,12.06
204987,2022-10-03,10136,1,57.14
206597,2022-07-27,10389,1,37.53
204311,2022-10-23,10188,7,52.56
202934,2022-02-08,10128,6,25.15
200022,2022-10-15,10201,5,13.68
201209,2022-05-04,10127,5,44.36
208940,2022-12-30,10257,9,20.69
200804,2022-10-10,10164,1,16.54
208325,2022-06-29,10035,8,17.13
204416,2022-04-07,10194,2,44.72
208625,2022-07-10,10191,7,35.51
205141,2022-03-15,10104,6,48.97
204968,2022-09-30,10023,10,46.27
203671,2022-02-18,10265,2,26.83
207292,2022-12-03,10290,3,31.97
207001,2022-07-29,10430,4,25.64
202098,2022-04-26,10462,7,29.81
208444,2022-01-23,10384,8,20.42
205061,2022-04-08,10260,2,40.26
209321,2022-11-24,10414,8,56.69
203264,2022-11-09,10479,9,22.01
205435,2022-07-09,10358,7,62.84
208493,2022-07-01,10075,1,35.05
206691,2022-05-28,10355,6,37.36
202763,2022-12-08,10072,8,14.16
204005,2022-01-23,10259,5,13.41
203241,2022-04-15,10398,2,35.59
203057,2022-06-12,10188,5,49.15
200550,2022-03-08,10461,8,23.67
205574,2022-10-17,10173,2,76.33
205411,2022-10-16,10480,1,47.82
201587,2022-02-15,10290,4,21.03
205920,2022-03-22,10045,4,33.63
205260,2022-05-27,10061,9,114.26
204409,2022-08-10,10083,3,17.79
205783,2022-12-09,10123,4,43.13
200712,2022-01-15,10358,3,28.18
205406,2022-05-01,10016,2,47.16
207990,2022-03-19,10066,4,62.4
207420,2022-11-18,10424,8,27.3
206843,2022-10-22,10145,1,57.94
202433,2022-08-29,10375,8,100.54
203301,2022-01-18,10162,8,34.23
200270,2022-09-13,10234,3,49.03
209986,2022-10-04,10380,10,24.65
201079,2022-01-27,10144,10,33.44
205322,2022-01-02,10358,6,30.32
208795,2022-12-19,10188,4,49.33
205257,2022-10-22,10322,1,60.48
207982,2022-11-08,10450,1,31.35
209777,2022-12-29,10474,5,71.29
206214,2022-08-27,10013,8,71.17
205006,2022-01-13,10184,1,50.57
203985,2022-07-03,10111,2,25.58
209587,2022-07-13,10415,7,24.39
208791,2022-02-25,10290,8,22.06
208705,2022-08-18,10295,3,53.23
205991,2022-01-28,10451,8,18.07
